x,y,fx,fy
0,0,0.08301823,-0.05808867
20,0,-0.052521706,-0.08106267
40,0,-3.8613493e-05,9.84394e-05
60,0,-0.0026820756,-0.0034452344
80,0,-0.013952835,-0.025258545
100,0,0.0006984397,-0.00013719375
120,0,0.0673981,0.040267807
140,0,-0.07667781,-0.019026408
160,0,-0.017215073,0.004685512
180,0,-0.11505164,-0.17997283
200,0,0.029053712,0.029123077
220,0,-0.003809222,0.034002293
240,0,-0.0055920426,-0.11308904
260,0,0.020077048,0.011169771
280,0,-0.00025729658,0.0010810634
300,0,0.0007255793,0.01923186
320,0,0.01827369,-3.718331e-05
340,0,0.024622759,-0.0374781
360,0,-0.021790488,0.01816278
380,0,-0.072143406,-0.051657412
400,0,-0.00013175576,4.092509e-06
420,0,-1.8195144e-05,1.0708833e-05
440,0,-0.002309392,-0.003364455
460,0,0.03746588,-0.024306068
480,0,-0.13025606,0.015248923
500,0,-0.017824348,-0.003470213
520,0,0.00499822,-0.0014769383
540,0,-6.5359777e-06,3.7948666e-05
560,0,0.002270024,-0.0023539383
580,0,0.0016463064,-0.00029136494
600,0,-0.0013293424,0.00093625777
620,0,-0.006545175,-0.034584377
640,0,-0.012576834,0.003523373
660,0,-0.014539642,0.008897627
680,0,-0.0062356004,5.485739e-06
700,0,-0.00011826768,0.00013821773
720,0,-0.0026792337,-0.000980356
740,0,-0.005068024,0.026463727
760,0,0.006279299,0.0013117212
780,0,0.00020997647,0.007019331
800,0,-0.005573818,0.001515385
820,0,0.0132853035,-0.011152367
840,0,0.00012154804,0.00046168375
860,0,0.005952171,-0.0032934283
880,0,0.010565876,-0.007307575
900,0,-0.0011160402,0.00313178
920,0,-0.0170304,0.03477677
940,0,-0.0062188534,0.016670907
960,0,0.0021880516,0.007751682
980,0,-0.038249075,0.05655079
0,20,0.01224308,6.480401e-05
20,20,-0.01838495,0.0097286515
40,20,2.8457194e-05,-5.15081e-06
60,20,0.0027865686,0.0003942305
80,20,0.070922524,0.0044461926
100,20,-0.00451614,-0.0015599928
120,20,-0.048571154,0.013424961
140,20,-0.025504688,-0.019210258
160,20,-0.00015230392,4.5575285e-05
180,20,0.03715562,-0.004690144
200,20,-0.0010406051,0.0017560883
220,20,0.008786536,0.0020530543
240,20,-0.0027819737,0.0076411385
260,20,-0.0003032734,0.0025961176
280,20,0.063162684,0.010295083
300,20,0.004229367,0.010094122
320,20,5.919095e-06,-2.366687e-06
340,20,0.0003661427,-0.00048357472
360,20,0.0007268396,-0.020402988
380,20,-0.0754603,-0.11356097
400,20,-6.647134e-08,1.9575955e-06
420,20,4.8375173e-06,3.926544e-07
440,20,0.042227663,-0.027629277
460,20,0.164743,-0.12354988
480,20,-9.929664e-05,-0.00014261092
500,20,-0.00038284107,0.00046238553
520,20,-0.027263034,-0.0035690214
540,20,-4.8381758e-06,2.1401247e-05
560,20,-0.014965467,0.002223783
580,20,-0.0017690461,0.0032681301
600,20,-0.0008997537,0.0014625688
620,20,0.0058317897,0.010177859
640,20,-0.0001808828,-0.00024668066
660,20,-0.007827063,-0.00020105342
680,20,0.00033756258,0.000666656
700,20,-1.6380504e-06,7.101504e-08
720,20,4.847635e-06,3.3663315e-07
740,20,-2.4928515e-06,-2.5807803e-06
760,20,1.646914e-06,-9.660934e-06
780,20,6.7280716e-06,-2.0860364e-08
800,20,1.3896032e-07,7.219635e-07
820,20,0.0010366114,-0.00014655717
840,20,0.023486063,0.024584876
860,20,-0.018068885,0.01914745
880,20,2.1428872e-05,-1.0927747e-05
900,20,0.00012411302,0.000642732
920,20,0.027912598,0.11867091
940,20,-0.00018017537,0.00014766371
960,20,-0.0012587412,-0.035134807
980,20,0.045196656,-0.12176128
0,40,0.010046644,-0.008961654
20,40,8.6134905e-06,3.5034528e-08
40,40,0.0037697023,0.0029556071
60,40,0.008499816,0.011965174
80,40,0.04209927,-0.008332603
100,40,4.5143282e-05,0.0003016174
120,40,-0.013886277,0.076958776
140,40,0.050245974,0.009999192
160,40,3.3207862e-06,1.0963399e-06
180,40,-1.6039185e-05,8.993604e-05
200,40,-0.040992513,-0.00022250741
220,40,0.0026289483,0.00085517194
240,40,-0.01663418,0.019015957
260,40,0.09151782,0.033137474
280,40,0.01704374,0.014646579
300,40,0.058368813,0.14473778
320,40,0.017644593,0.017062027
340,40,0.13819551,0.11581074
360,40,0.0002240529,-0.00011003927
380,40,0.03527301,-0.060110345
400,40,-5.4759425e-06,-3.9282127e-06
420,40,0.00015197713,0.00012334865
440,40,0.013767881,-0.011027099
460,40,9.753902e-06,6.9989455e-06
480,40,4.3849454e-06,6.4907886e-07
500,40,1.6046191e-05,-0.00044631478
520,40,-0.08636525,0.1484995
540,40,-0.023642099,-0.015556136
560,40,-0.06290396,0.047320765
580,40,-0.0013731327,0.024065785
600,40,0.054533783,0.030526241
620,40,3.7312918e-06,2.2255376e-06
640,40,0.0027336192,-0.0072995415
660,40,0.005878553,0.005190439
680,40,0.00010602572,3.0488556e-05
700,40,0.00024198214,-0.00020428006
720,40,0.0028616665,-0.0054380675
740,40,-2.7944518e-06,3.0347195e-08
760,40,-1.8644984e-06,-7.934743e-07
780,40,3.4357074e-06,-2.7800277e-07
800,40,9.021676e-06,6.300564e-07
820,40,0.00075593614,-0.00037441362
840,40,-0.005351595,-0.0064694607
860,40,-0.0020206529,-0.0007818788
880,40,-0.00057493994,-0.00070853054
900,40,-4.059555e-06,1.9106844e-06
920,40,0.0111876745,0.009977144
940,40,-0.019408908,-0.023330016
960,40,-0.0039954116,-0.0019322222
980,40,-0.0380513,-0.10515731
0,60,0.016811782,0.012206759
20,60,3.661247e-05,6.3027415e-05
40,60,-0.0008616286,2.8247588e-05
60,60,-0.012902663,-0.02177121
80,60,4.9805285e-06,-1.0194574e-05
100,60,-0.0961326,-0.020174539
120,60,0.048197493,0.07348195
140,60,0.18151982,0.10306437
160,60,0.0005419074,0.00013996619
180,60,-0.0008835633,0.00031603966
200,60,-0.03131781,0.0037972168
220,60,0.001758755,0.00045729577
240,60,-0.001346325,0.0029543787
260,60,-0.0030880654,0.02822007
280,60,-0.021450873,0.01458531
300,60,-0.039482463,-0.03661924
320,60,-0.00057599065,0.0074319295
340,60,0.04027011,0.007933461
360,60,-0.0021109947,-0.0020142063
380,60,0.0008934161,-0.005455197
400,60,-0.044694364,-0.040712945
420,60,0.025650874,0.027331233
440,60,0.018093582,0.0043512615
460,60,-8.281995e-07,-2.0559426e-06
480,60,0.00010430287,9.990451e-05
500,60,0.002300206,0.0014463548
520,60,0.022738485,0.039754353
540,60,0.0003504627,0.00090407894
560,60,-0.00040437162,0.0002749568
580,60,-0.18510172,-0.0114972945
600,60,0.0026433403,-0.030191602
620,60,0.005034155,-0.0054728054
640,60,0.0007852237,0.0036545927
660,60,-0.00033436436,0.0065218443
680,60,9.911336e-06,9.250225e-06
700,60,0.00012873662,0.00016255914
720,60,-0.031448424,-0.041145146
740,60,-4.860138e-06,-1.0973839e-06
760,60,4.587799e-07,-5.047217e-07
780,60,3.6503303e-07,1.8210757e-06
800,60,0.0063274344,0.007135243
820,60,-0.0013697033,-0.0006523615
840,60,0.018717924,-0.027020536
860,60,0.037073016,-0.0037967276
880,60,-0.04883097,-0.06237058
900,60,-4.7668465e-05,-0.00031330797
920,60,0.008354902,-0.0046288394
940,60,-0.055878956,-0.022772374
960,60,-0.0015926419,0.00027897177
980,60,4.5294037e-06,-2.4377043e-05
0,80,-0.0035278853,-0.027335666
20,80,0.0006554434,0.21015254
40,80,-3.2326912e-05,0.00063349475
60,80,0.002101758,0.0053894175
80,80,2.1164528e-06,-6.4187867e-07
100,80,0.0019322137,-0.0015837504
120,80,0.022932671,-0.004746345
140,80,0.06094428,0.067194186
160,80,0.0019177127,-4.332863e-05
180,80,-6.5727994e-07,-8.3805327e-07
200,80,1.6406725e-07,9.914284e-07
220,80,2.9609314e-06,3.6184383e-07
240,80,0.0061903894,0.0023161054
260,80,0.003413713,0.0008068406
280,80,0.030970661,0.0021016772
300,80,0.07701979,0.0104284985
320,80,-0.032501444,0.0154247265
340,80,-0.00345894,0.003916464
360,80,9.487954e-07,2.5222926e-06
380,80,0.027172325,-0.02069168
400,80,-0.0058734743,0.012271534
420,80,-0.0031285412,0.0048986217
440,80,-0.011648557,-0.0006851807
460,80,-0.032135148,-0.007289241
480,80,-0.042453382,-0.012016174
500,80,-0.014818168,0.0006455435
520,80,0.040853325,0.06422724
540,80,0.09716362,0.07450192
560,80,-0.0019341676,0.0031523616
580,80,0.0010364796,0.0009635599
600,80,0.060915414,0.054574728
620,80,0.016998108,0.00052554073
640,80,0.004433995,-0.009166139
660,80,0.015406681,-0.0009090952
680,80,-0.0064685163,-0.00092583353
700,80,0.0015939049,-0.0034701
720,80,0.006072849,-0.030024149
740,80,1.230875e-05,-2.174613e-06
760,80,7.518775e-06,4.1675256e-07
780,80,-6.7679444e-05,-7.835062e-06
800,80,-0.0013167766,0.015979089
820,80,-0.0021731306,0.00995087
840,80,0.013532291,0.01874773
860,80,0.019176994,-0.04249447
880,80,-0.0001611599,1.3838255e-05
900,80,0.011829363,0.0076758577
920,80,-0.0003868583,0.001298208
940,80,0.0008181629,-0.0027534913
960,80,-0.21462475,-0.0013818638
980,80,-0.013558352,-0.0007995033
0,100,-0.0012234674,-0.015178125
20,100,0.00013911189,0.00021478676
40,100,0.0009410089,0.0069445143
60,100,-0.0003184702,0.020627974
80,100,-9.728186e-07,-5.9292296e-07
100,100,-0.003328789,0.010395638
120,100,0.098890506,-0.01339174
140,100,0.0003432813,0.00023671107
160,100,1.0491525e-05,-3.534661e-06
180,100,7.733933e-07,1.1423181e-07
200,100,-0.0014049703,-3.124228e-05
220,100,-0.059779897,0.00092775904
240,100,0.16756546,-0.005756902
260,100,0.017882377,0.0032216772
280,100,1.0833682e-05,2.5403546e-05
300,100,2.524502e-05,0.00026359878
320,100,-0.03169655,0.03546196
340,100,-0.065995656,0.0040222714
360,100,-1.2123181e-06,6.2852484e-07
380,100,-0.00118737,-0.0003776476
400,100,-0.00599319,0.033516314
420,100,0.015513068,0.18283887
440,100,0.08844192,-0.024523653
460,100,1.33885005e-05,1.1640881e-06
480,100,0.0074957632,0.013086165
500,100,-0.0052414583,0.0036031588
520,100,0.00010172951,-0.0001112281
540,100,0.006679114,0.028354404
560,100,-0.07364871,-0.04032212
580,100,0.0004371744,0.007153087
600,100,0.00024137198,0.00031491433
620,100,0.00011973353,0.010750254
640,100,-0.00010730835,0.00026418042
660,100,2.0394275e-06,1.1275811e-06
680,100,0.00036094707,0.001364233
700,100,0.00094399654,0.0010432733
720,100,0.014848777,0.015926342
740,100,0.0090553025,0.0044721724
760,100,-5.528832e-06,-1.4718061e-07
780,100,0.00037597996,0.000118284
800,100,0.001947175,0.0023623833
820,100,0.0018969999,0.028376553
840,100,0.00080249144,-0.0053142915
860,100,0.0011514078,0.0027799904
880,100,0.0388305,0.0040503913
900,100,0.0010280511,-0.0021509712
920,100,8.035207e-06,-1.6782475e-06
940,100,8.0134285e-08,1.4955885e-06
960,100,-0.01587577,0.01646088
980,100,-0.0064303107,-0.019181106
0,120,-0.0035854494,0.0063040396
20,120,0.0018740444,0.00020655234
40,120,-0.08251541,0.13446653
60,120,0.024030041,0.07844009
80,120,0.006379052,-0.0067046923
100,120,-0.01544094,0.032293517
120,120,4.0838244e-05,-2.917579e-05
140,120,4.933588e-06,2.9237603e-07
160,120,0.00028626903,1.0743506e-05
180,120,0.04895053,-0.03762434
200,120,0.095674925,0.034901835
220,120,-0.10128774,-0.010565181
240,120,-3.2335465e-05,-4.8459464e-05
260,120,6.7224084e-07,7.1642984e-07
280,120,-3.1211257e-05,1.7720866e-05
300,120,-4.732358e-05,-1.0228405e-05
320,120,-0.032076824,0.10729607
340,120,0.0061841453,0.0034471648
360,120,1.3422673e-05,1.3995596e-06
380,120,-2.396714e-08,6.638861e-07
400,120,-0.0056832796,0.0021230034
420,120,0.0018986576,0.00017168709
440,120,0.075498186,0.04508208
460,120,0.003819413,-0.013926945
480,120,-0.0047556907,-0.023632856
500,120,-0.00018458685,0.00039539294
520,120,0.010135697,0.005566618
540,120,0.00042238893,0.0005562236
560,120,0.0036974312,-0.03622689
580,120,0.0013165213,-0.003944654
600,120,5.393712e-06,-5.0049664e-07
620,120,-0.00042013728,0.0034297723
640,120,-0.009301758,-0.009540618
660,120,-1.9664647e-06,5.841475e-07
680,120,0.013615492,0.018269675
700,120,0.009472531,-0.06297505
720,120,-0.013402382,0.08922602
740,120,-0.0012809003,0.008132551
760,120,-9.366236e-06,-8.695017e-08
780,120,3.7612658e-06,1.2148332e-06
800,120,8.847259e-06,-7.831285e-08
820,120,0.009045881,-0.057205286
840,120,1.7968678e-05,-0.0001492553
860,120,4.2843017e-06,5.827836e-07
880,120,0.047126338,-0.018364245
900,120,-0.01712097,0.08792948
920,120,0.0128516415,0.015161738
940,120,0.001717807,0.00016708963
960,120,0.009337108,0.021148788
980,120,-7.788032e-05,-6.296394e-05
0,140,0.0062977276,-0.010610695
20,140,-0.00026865272,-0.00013399565
40,140,0.0067212493,0.011850999
60,140,0.055220276,-0.0045445077
80,140,0.051093403,0.027093226
100,140,2.985378e-07,2.5489855e-06
120,140,1.7838782e-05,-2.156977e-06
140,140,-5.6831825e-05,-0.00024213894
160,140,0.00010322868,2.1281521e-05
180,140,0.012955595,-0.01814901
200,140,0.0003355264,-0.00018681664
220,140,-0.10231967,-0.09521656
240,140,-0.0814513,-0.07091104
260,140,0.0002912145,-0.00063408166
280,140,-0.057230394,-0.027640143
300,140,-0.18999973,-0.018883312
320,140,-0.070189655,0.017315662
340,140,-0.0004501897,0.007055936
360,140,-0.006372119,-0.002051356
380,140,-2.6084415e-06,6.7921487e-06
400,140,-1.0210009e-06,-2.7632254e-07
420,140,-3.3976412e-06,4.2339897e-07
440,140,-9.879079e-05,4.6693498e-05
460,140,0.010716554,-0.0007762415
480,140,-0.028370252,-0.011539353
500,140,9.6544434e-05,0.0010380243
520,140,0.0007532919,0.0072742784
540,140,-0.06277588,-0.0038209902
560,140,-0.034879006,-0.004586368
580,140,-4.1334883e-06,4.0163492e-08
600,140,-0.00014032857,0.00015877206
620,140,-0.007141909,0.0012189567
640,140,-0.042172357,0.0046645394
660,140,7.776082e-06,-1.8907847e-06
680,140,0.00016235227,-0.0020221607
700,140,-0.013230884,-0.027651282
720,140,5.4208962e-05,2.2933516e-05
740,140,-3.0915112e-06,1.3429548e-06
760,140,-1.3474013e-06,1.0702328e-06
780,140,9.156483e-06,-1.6123735e-06
800,140,9.6945296e-05,-3.233884e-06
820,140,7.4260424e-05,-0.0009017754
840,140,-1.8385126e-05,0.00012590842
860,140,0.00048325516,0.0009590966
880,140,-3.0206636e-06,2.0139172e-05
900,140,-0.007899218,-0.002161426
920,140,-0.00049056474,-0.00039958642
940,140,0.038868718,-0.017384749
960,140,3.6909583e-05,-8.824242e-06
980,140,-6.880975e-06,9.810551e-07
0,160,0.015675498,-0.00015422305
20,160,-0.0007488199,0.0046538305
40,160,6.0360903e-06,1.5135113e-05
60,160,4.8760692e-05,6.9280063e-06
80,160,0.00016196193,-1.7217309e-06
100,160,-3.8054262e-07,1.5865319e-06
120,160,0.0016158093,0.0003171736
140,160,-0.037020855,-0.04348567
160,160,0.007197031,0.02788422
180,160,-0.0011928098,0.0015392251
200,160,0.040299427,0.001646344
220,160,0.013577287,-0.048844516
240,160,-0.0007742025,-0.0046469667
260,160,0.00023159517,1.02058375e-05
280,160,-0.0007093793,-0.00032125218
300,160,-0.05060576,-0.014850936
320,160,0.0017244157,-0.012016185
340,160,0.050265256,-0.04062793
360,160,-0.019404924,0.025178796
380,160,-0.0003425037,0.00026979146
400,160,1.8584251e-06,1.2590402e-06
420,160,-7.7960635e-07,-4.3278962e-07
440,160,2.6496227e-06,-6.786575e-08
460,160,-1.2404948e-05,0.00066174363
480,160,0.0039300746,0.0071425503
500,160,-0.0010230476,-0.0078596175
520,160,0.0004383021,0.00018497366
540,160,0.098566554,0.0046833083
560,160,0.06529565,-0.0059090904
580,160,-5.1704665e-06,-2.9899124e-06
600,160,-0.01802167,0.004807711
620,160,0.0018342353,0.00023562124
640,160,0.010998867,0.017535083
660,160,0.0017848714,-0.0005273988
680,160,0.018682405,0.027655043
700,160,-3.9552356e-06,1.0152044e-05
720,160,0.052644912,-0.009965794
740,160,-0.0026879807,-0.006126968
760,160,0.009921157,-0.0021685078
780,160,-6.96864e-06,3.7172606e-05
800,160,-0.006595691,0.12208926
820,160,-0.007525586,0.018138561
840,160,-0.0027397245,0.038635135
860,160,-0.016101625,0.120635904
880,160,8.9274357e-07,1.3493677e-06
900,160,-6.484972e-07,-1.6023663e-06
920,160,-0.0007499564,0.00086621044
940,160,-0.0012512038,0.00071203633
960,160,-4.6758523e-05,-0.008291491
980,160,-0.0053833574,0.0031600762
0,180,0.00066220795,0.0054408093
20,180,-0.011189415,0.034468003
40,180,3.387337e-06,6.3411717e-06
60,180,5.076249e-08,-2.4329424e-07
80,180,-5.111365e-07,2.0724803e-05
100,180,-0.00050640537,-0.00012135477
120,180,-0.003393383,0.009892122
140,180,-0.021666806,0.07354
160,180,-0.06744611,0.14820008
180,180,-0.03620908,0.007546173
200,180,0.00012862055,-4.8648846e-05
220,180,0.00010517596,-0.00010247083
240,180,2.0973488e-05,1.960191e-05
260,180,0.009185078,0.075636625
280,180,3.0277679e-05,0.00045336958
300,180,-0.0014851311,0.03189228
320,180,0.045298673,-0.026446274
340,180,0.0044208188,-0.010995468
360,180,0.007973452,0.01807752
380,180,0.0005759942,-0.00024258404
400,180,1.9456038e-05,-3.8580984e-05
420,180,-0.002309536,-0.00010698028
440,180,0.0045422087,-0.002147268
460,180,-0.0009396571,0.027117424
480,180,-0.001057071,-0.000594196
500,180,0.011154833,0.013599725
520,180,0.0001078948,0.00045351684
540,180,-0.004171946,-0.0043245307
560,180,0.00045595222,-0.00013239935
580,180,-6.258367e-07,1.7363411e-06
600,180,-2.8743927e-06,-2.787102e-07
620,180,1.0487112e-05,3.485387e-06
640,180,-0.033317614,-0.031868044
660,180,0.012779501,0.0003409314
680,180,0.004814971,0.01304045
700,180,-2.4464227e-06,4.4534454e-06
720,180,-0.104980655,0.0070714643
740,180,-0.029752048,0.010090044
760,180,0.016375218,-0.025025595
780,180,4.662568e-05,2.6452539e-05
800,180,-0.00015190744,-5.5084645e-05
820,180,0.024126576,-0.0072747604
840,180,-0.22337754,0.17461765
860,180,-0.08056549,-0.033611145
880,180,0.006986647,0.023734167
900,180,0.0027357894,-0.004336065
920,180,4.57921e-07,-1.1244587e-06
940,180,-2.0260234e-06,-1.08396425e-05
960,180,-0.0029312843,-0.088128604
980,180,-0.018143138,-0.047664378
0,200,1.9346595e-05,-1.0761293e-06
20,200,2.3377877e-05,0.00079174567
40,200,-1.7663138e-05,5.2701154e-05
60,200,-6.3642906e-06,1.4113018e-06
80,200,0.076888874,0.0050810357
100,200,-0.045726925,0.04914312
120,200,-0.022510348,0.01618962
140,200,0.0507085,0.117839344
160,200,0.023905832,0.016817542
180,200,-0.0048465156,0.0012429683
200,200,0.028018322,-0.015082476
220,200,0.02123151,0.008502986
240,200,0.001307916,-0.0009797022
260,200,-0.010640203,0.06679806
280,200,-0.037675347,-0.005238534
300,200,0.15045303,-0.044532802
320,200,0.08503844,-0.014563064
340,200,0.02238295,0.007644256
360,200,-0.07395644,0.04541802
380,200,0.008191712,-0.020165049
400,200,-0.0001953677,-0.00033788208
420,200,-0.008626975,-0.003540412
440,200,0.025002848,-0.019525107
460,200,0.054211076,-0.002103926
480,200,-0.00032206168,3.165965e-05
500,200,-0.08096621,0.0033554884
520,200,-0.0010994474,0.0001233192
540,200,-0.018221458,0.033702888
560,200,0.0028337874,0.0031820857
580,200,3.1525688e-05,7.53277e-05
600,200,-4.7449694e-07,9.992744e-06
620,200,-5.736493e-07,-3.028912e-07
640,200,-0.12756309,-0.017307714
660,200,0.004559817,-0.009035068
680,200,0.0015349851,0.002603407
700,200,-1.1679068e-05,4.811331e-06
720,200,-0.00044936256,0.00013077808
740,200,-0.008824334,0.033562362
760,200,-8.484063e-05,-3.3684242e-05
780,200,1.6286343e-06,-2.0401928e-06
800,200,5.8295022e-06,2.0307605e-06
820,200,0.0017322447,0.009270066
840,200,-1.7613156e-05,9.804357e-05
860,200,-1.1491869e-05,2.7791664e-06
880,200,-0.0059663537,-0.00069580367
900,200,-0.0007839799,0.00064871553
920,200,2.5623328e-06,-8.435212e-07
940,200,3.3029842e-06,1.7430881e-06
960,200,0.03180481,0.03601128
980,200,6.175439e-05,-0.0002069336
0,220,0.0013556473,0.0019069846
20,220,-0.01102366,0.022030395
40,220,0.0003566456,-6.472655e-05
60,220,-0.00038027402,-0.00020517521
80,220,4.044298e-06,1.381928e-05
100,220,3.797673e-07,8.3335567e-07
120,220,-0.006825559,0.005706881
140,220,-1.361571e-05,3.0094385e-05
160,220,-9.04495e-06,-7.370871e-06
180,220,0.00874528,-0.02331955
200,220,-0.028143458,0.00015937453
220,220,-0.030269874,-0.033280123
240,220,0.042223427,-0.020249795
260,220,0.0022321441,0.016192507
280,220,0.00700533,0.0022231974
300,220,0.018292172,0.02034358
320,220,0.00028512822,0.00037890775
340,220,-0.00017865348,-4.8661284e-05
360,220,-0.009167852,-0.009278588
380,220,-0.0019860293,-0.003415296
400,220,-0.00833997,0.00064155157
420,220,-0.15077707,0.10095355
440,220,-0.007182702,-0.002886109
460,220,0.07707227,-0.016231213
480,220,0.22337352,-0.005865343
500,220,-0.024104292,0.003927761
520,220,0.0006215272,-0.00038458404
540,220,7.170541e-06,-4.4423878e-06
560,220,6.325254e-07,3.415881e-06
580,220,0.0015315725,0.0012025384
600,220,0.092410244,0.12198672
620,220,-4.0494917e-05,0.00033702204
640,220,-5.349197e-06,-8.6505474e-07
660,220,0.0012915556,-0.0014919121
680,220,-0.00023432291,-0.00022057944
700,220,-0.027714709,0.005829381
720,220,-0.041122835,-0.004214195
740,220,-1.2236092e-05,1.9425206e-06
760,220,-1.0932367e-05,7.5263875e-07
780,220,-5.888764e-06,-2.012909e-06
800,220,-7.458469e-06,1.3698289e-05
820,220,-0.00048147747,0.0007498956
840,220,8.562279e-06,-1.6969687e-05
860,220,-0.0017807687,-0.007949467
880,220,-0.0036807018,0.0096492795
900,220,4.0040548e-05,3.983746e-06
920,220,1.5651701e-06,-6.133894e-07
940,220,-2.7072576e-06,1.2206377e-06
960,220,3.9523326e-05,-2.6286096e-05
980,220,1.7017901e-05,-2.3178823e-06
0,240,-0.008276182,-0.019843616
20,240,-0.0045523653,-0.00034015975
40,240,0.13302854,-0.022125632
60,240,0.016562827,-0.12857693
80,240,9.772473e-07,-3.4645982e-06
100,240,-0.000567959,-0.01021446
120,240,-1.37090965e-05,-1.0146972e-06
140,240,-2.0788877e-05,1.2561582e-05
160,240,-8.006658e-07,-3.1214956e-06
180,240,-0.03789878,0.026172135
200,240,0.0037848605,0.023113584
220,240,-0.0003104304,0.0031936308
240,240,0.0013751121,0.0026671307
260,240,-0.00021374821,0.00017459261
280,240,-0.0019557038,-0.02042839
300,240,-1.9331117e-06,-4.767447e-05
320,240,8.274989e-07,1.783195e-06
340,240,6.822843e-05,7.504241e-05
360,240,-0.0037392927,-0.0012194266
380,240,0.007731229,-0.0043921624
400,240,-2.0249925e-06,3.6363992e-05
420,240,-0.0035247246,0.002647801
440,240,-0.00042292013,-0.00033023363
460,240,-0.00037498408,0.0016434503
480,240,0.0024207812,0.0009557424
500,240,0.0014025994,0.00014481107
520,240,0.016774423,0.054545026
540,240,-0.01854877,-0.02504157
560,240,0.056364782,-0.0075905784
580,240,2.5707794e-05,0.0009199732
600,240,-0.0073502394,0.058759466
620,240,-0.004876203,0.12503871
640,240,-3.3054855e-06,5.7799743e-06
660,240,-9.697141e-06,3.8279717e-07
680,240,-0.007491166,0.026434606
700,240,-0.0147321,0.15321665
720,240,-0.0006540282,0.0063639586
740,240,-2.1825153e-06,1.0554882e-06
760,240,-8.981394e-06,-6.9914866e-05
780,240,-1.0622004e-05,-4.9689593e-06
800,240,-0.001273407,-0.0008444051
820,240,0.00032265886,-0.00050970324
840,240,1.196412e-06,-1.834394e-06
860,240,-9.67508e-05,-5.7950416e-05
880,240,5.9632553e-06,4.7817476e-08
900,240,-0.00021101572,-0.00023088515
920,240,0.0041002817,0.013184608
940,240,-0.0049331426,0.0022577138
960,240,0.0907204,-0.014285401
980,240,9.1080634e-05,0.0035660854
0,260,0.013826956,-0.0024145083
20,260,-0.0034776991,-0.0012866695
40,260,0.0002545214,-5.166268e-05
60,260,-0.00028603553,-0.00040626567
80,260,6.6169473e-06,-2.565051e-07
100,260,-0.00025158803,-0.00040325444
120,260,-0.098305285,-0.06827636
140,260,-0.011899246,0.0019573194
160,260,0.020697929,-0.024122337
180,260,-1.524261e-05,0.0016495653
200,260,0.010871725,-0.008531782
220,260,-0.012359409,0.06645635
240,260,0.03481552,0.008550713
260,260,-0.0024026637,-0.004535148
280,260,-0.120899566,0.027438335
300,260,-0.022059862,0.007218104
320,260,-1.8207401e-06,1.975471e-06
340,260,0.00057888706,-5.6602814e-05
360,260,-0.0020568345,0.0029386722
380,260,0.014058085,0.006709432
400,260,-5.03929e-06,3.768921e-06
420,260,-0.007827927,0.022712754
440,260,0.00021693435,5.7835685e-05
460,260,0.014884409,0.04364134
480,260,-0.012419345,0.045176458
500,260,0.00066420285,0.0011330874
520,260,4.0193998e-05,0.000190492
540,260,0.011423113,0.007024332
560,260,0.04370319,-0.0005678912
580,260,0.010746939,0.010590668
600,260,-0.00023775984,-0.0005433143
620,260,2.15374e-05,0.00014944612
640,260,-0.0021163546,0.0005948036
660,260,0.0081585385,0.0042748135
680,260,-6.022206e-05,3.5763456e-05
700,260,0.0020883474,-0.0002383602
720,260,0.019947264,-0.009524316
740,260,0.0011572317,0.0010657621
760,260,0.007943828,-0.06963047
780,260,3.3690633e-06,-7.212781e-06
800,260,-0.0023186598,-0.00058637373
820,260,-0.010213782,-0.0028962423
840,260,5.0187427e-06,-2.494357e-06
860,260,5.324804e-06,-1.519659e-06
880,260,4.8854163e-06,1.0560892e-06
900,260,5.8828437e-06,6.96001e-05
920,260,-0.02414641,-0.0092036985
940,260,-0.14586999,0.037436016
960,260,-0.04339118,0.023111125
980,260,0.0023120309,0.0037349851
0,280,2.0403552e-06,-4.8873135e-06
20,280,5.6402064e-06,3.9721835e-06
40,280,-0.00018805114,-1.8875153e-05
60,280,-0.04206589,-0.004633088
80,280,-3.5910128e-07,-2.6742039e-06
100,280,-1.7285787e-06,9.72155e-06
120,280,-6.1882506e-06,-2.9401534e-05
140,280,-1.6955682e-05,-4.661041e-06
160,280,-0.027831268,-0.03086237
180,280,0.0027178675,0.010623431
200,280,-0.11659007,0.005995533
220,280,0.017740129,-0.046830356
240,280,-1.2085757e-06,-3.238702e-06
260,280,-0.061533518,-0.020496793
280,280,-0.00032543446,-3.49853e-05
300,280,-3.1207914e-05,1.9943089e-05
320,280,-6.0390403e-06,-2.9686074e-05
340,280,0.00011206426,0.0029587122
360,280,0.019909142,-0.0057101883
380,280,-0.0019830896,0.012239302
400,280,3.1641168e-05,3.2636935e-06
420,280,-9.9851604e-05,9.5975265e-05
440,280,0.017403167,-0.0027407163
460,280,0.007891365,0.048868224
480,280,-0.05832245,0.009939111
500,280,-8.3345327e-07,-4.9394504e-07
520,280,7.036651e-06,-2.896905e-06
540,280,0.020371696,-0.0020355526
560,280,0.015887957,-0.016558513
580,280,-0.0030394664,0.002221979
600,280,-0.00044879952,-0.024837628
620,280,1.2070177e-06,-4.160114e-06
640,280,-1.1757256e-05,5.4078144e-05
660,280,-1.2334362e-05,-3.1940995e-06
680,280,-9.460769e-06,-1.5864045e-05
700,280,-0.0002156638,-0.027356196
720,280,-0.000814191,-0.0013210815
740,280,-0.0022047127,0.00025401812
760,280,0.008663362,0.0017913406
780,280,0.030459078,-0.00029472847
800,280,0.029209731,-0.000929576
820,280,0.045442395,-0.011192195
840,280,0.0114968335,-0.0010741622
860,280,8.615224e-06,9.1120666e-07
880,280,1.1475373e-06,2.0262545e-05
900,280,0.16986059,0.011368244
920,280,-0.13248014,-0.01165673
940,280,-5.5138615e-05,-1.4505684e-05
960,280,-0.00048735304,0.0010439183
980,280,0.00042716667,0.00013989134
0,300,3.5179895e-05,0.00013498307
20,300,0.0007416218,0.0001796739
40,300,-0.0014728257,0.0114787435
60,300,-0.00035890972,0.00013353898
80,300,-0.00015296972,0.00017285302
100,300,-0.0001263417,-2.706934e-05
120,300,1.0627961e-05,-1.8706254e-05
140,300,-0.041216582,0.047578767
160,300,-0.0062810606,0.000533585
180,300,-0.00043571202,-0.005570153
200,300,-0.023609843,-0.0061914176
220,300,0.014097776,0.030734794
240,300,-0.08601958,-0.013911655
260,300,-0.08969875,-0.036095213
280,300,-4.5661618e-05,6.8880356e-05
300,300,-0.0075352835,-0.017323634
320,300,0.013938695,0.005704198
340,300,-0.006293758,0.019229753
360,300,0.022630347,0.04408151
380,300,0.0055328053,0.0028363378
400,300,0.12093015,0.0216617
420,300,-0.008691738,-0.010884549
440,300,0.017710688,-0.01959476
460,300,-0.023701465,-0.10519433
480,300,0.004351724,-0.0022425521
500,300,-0.0002529486,-0.0002695371
520,300,-9.598501e-06,-1.7288407e-06
540,300,9.970656e-06,1.7924264e-06
560,300,3.0313083e-06,-3.323173e-06
580,300,1.4264434e-06,-1.1980319e-06
600,300,1.824825e-05,1.1591866e-05
620,300,-0.053327154,0.045254868
640,300,0.017014377,-0.019426558
660,300,0.0001645212,-2.177829e-05
680,300,-5.0686383e-05,-2.2804305e-05
700,300,0.021968963,-0.01240138
720,300,-8.255079e-06,-4.771463e-06
740,300,-0.018254,-0.01947906
760,300,0.009512935,-0.0075520314
780,300,-0.0011534783,0.025394337
800,300,0.014160197,-0.0061278036
820,300,0.0002860001,-0.00034606017
840,300,-0.0020548739,-0.0057307137
860,300,-6.0687366e-06,-5.5925657e-06
880,300,6.9369984e-05,-2.0634121e-05
900,300,0.02508642,-0.0069982912
920,300,-0.036580786,0.008010728
940,300,-6.104581e-05,1.607782e-05
960,300,-5.879453e-05,-0.000110879584
980,300,-0.022834681,0.034987237
0,320,0.000724719,-0.0006284435
20,320,9.305097e-05,0.0013935239
40,320,-0.22223549,0.20339091
60,320,-0.114642955,-0.065693796
80,320,-0.14578152,0.008877497
100,320,0.014240201,0.014548228
120,320,0.009109531,-0.036115013
140,320,5.4459542e-05,-7.3027545e-06
160,320,-0.003460249,0.0018749816
180,320,0.009869788,0.00615882
200,320,-0.008353952,0.002495234
220,320,-0.16907153,0.0039643054
240,320,0.021272939,0.0059703467
260,320,0.047635563,-0.037769638
280,320,-0.00031846762,-6.934115e-05
300,320,-0.012720099,0.014975659
320,320,-0.00022725771,0.0001886604
340,320,-0.00011817449,-0.00091124175
360,320,6.6106268e-06,1.1010434e-06
380,320,-0.00016609859,8.048681e-05
400,320,-0.042536326,-0.007101277
420,320,0.0036654423,-0.004274527
440,320,0.0007280112,0.0043020137
460,320,-0.008449129,-0.034852926
480,320,-0.0094241835,0.019149164
500,320,-0.0024862743,-0.012910962
520,320,0.000585827,0.00010811322
540,320,7.439125e-06,1.0854487e-07
560,320,-1.1466028e-05,-2.2898157e-06
580,320,-0.015389457,-0.0060204845
600,320,0.02810951,0.011460418
620,320,-0.00021829711,6.3885665e-05
640,320,-0.00096969353,-0.0013454485
660,320,7.652875e-06,-5.202795e-06
680,320,-2.3121277e-06,1.3074691e-06
700,320,0.0005518248,0.0331456
720,320,9.722313e-06,0.00013169211
740,320,-0.0025558523,0.0024976241
760,320,0.00027768305,-0.0011310341
780,320,-1.1665075e-05,3.5725054e-06
800,320,2.1479313e-05,6.492803e-06
820,320,3.2569085e-06,-3.1977224e-06
840,320,-7.412292e-06,-6.674165e-07
860,320,-5.4329525e-06,1.5519375e-06
880,320,-0.0043069236,0.0010508614
900,320,0.0007251047,0.00077961036
920,320,0.017563256,-0.010526552
940,320,0.008527955,-0.012096455
960,320,-0.0011411726,0.0006429802
980,320,-0.031258468,-0.0006448148
0,340,-0.004123785,0.008150545
20,340,-1.2615152e-06,1.3926237e-06
40,340,-0.020996783,0.002845587
60,340,-0.048519824,0.016426591
80,340,-0.000111383306,9.998419e-07
100,340,-0.00506645,-0.015566178
120,340,-0.00017947129,-5.4810032e-05
140,340,-0.002767422,0.021506418
160,340,-0.0001907624,0.010720065
180,340,-0.13236593,0.015428351
200,340,-6.506276e-05,0.00036281077
220,340,3.5405625e-05,0.0005625157
240,340,-4.6222216e-05,5.960025e-05
260,340,-3.2690918e-05,0.00050829
280,340,-0.003042301,0.011601417
300,340,-0.0030328308,0.06936544
320,340,-2.333732e-05,0.00014261548
340,340,2.8698207e-05,5.4062068e-05
360,340,0.023816241,0.0026507461
380,340,5.4871116e-06,-2.4441339e-05
400,340,-1.906355e-05,-0.00027736495
420,340,-0.05186403,-0.035488836
440,340,0.000612624,0.03217139
460,340,-0.011314662,0.08435421
480,340,-0.026357006,0.0016689417
500,340,-0.06835727,-4.7461115e-05
520,340,0.017523834,-0.007951262
540,340,7.907004e-06,-2.5919499e-06
560,340,-0.0034573297,-0.007142088
580,340,-0.14735381,0.035181075
600,340,-0.00029561116,6.996515e-05
620,340,-0.017994257,0.0046027154
640,340,-9.370669e-07,-1.925046e-06
660,340,6.279612e-06,2.0396603e-06
680,340,5.2395617e-06,-6.420697e-07
700,340,1.774623e-05,3.2247588e-06
720,340,3.3232366e-06,8.242713e-06
740,340,-0.0005034863,-0.003260133
760,340,0.019717686,0.016193395
780,340,0.008690492,0.0025973115
800,340,0.017565642,0.0004904104
820,340,3.3305396e-06,-4.3931777e-06
840,340,8.927631e-05,-9.178934e-05
860,340,-0.03549511,-0.044988424
880,340,-0.00067687704,-0.0004143464
900,340,-0.0030014783,0.01478482
920,340,0.07574081,0.10885232
940,340,-0.019906817,-0.001352356
960,340,-0.00863465,0.00493115
980,340,-0.027463766,0.050027795
0,360,0.0048815194,-0.010957735
20,360,6.3317807e-06,-3.841651e-06
40,360,0.0005671512,0.00053216633
60,360,-0.03469315,0.0022945118
80,360,3.5041867e-05,6.053705e-06
100,360,-0.021809567,-0.016564695
120,360,0.00010842656,-0.00021289755
140,360,-0.0019748711,0.0787189
160,360,-0.014717352,0.08207819
180,360,-0.0010699317,0.00032146854
200,360,0.009887541,-0.0012571499
220,360,-7.967449e-07,-2.4153064e-06
240,360,-0.0010341554,0.036495946
260,360,-8.190626e-05,0.00012786723
280,360,-0.0008007328,0.016451366
300,360,-0.010338498,0.0007485511
320,360,2.1224108e-05,-3.3408865e-05
340,360,0.0014494692,0.00029716265
360,360,0.005681686,0.034525517
380,360,1.466552e-06,2.5797914e-05
400,360,-6.193623e-05,3.0315881e-05
420,360,-0.009206326,-0.09100713
440,360,-0.021494962,0.049971502
460,360,5.47026e-07,1.1411717e-05
480,360,-0.020901375,0.01549525
500,360,0.0057238718,0.044024874
520,360,0.0006032808,0.00037422686
540,360,-5.4447455e-06,2.6275775e-06
560,360,0.018979067,-0.006613043
580,360,0.0007845161,-0.00042863228
600,360,-0.007215831,0.0017288163
620,360,0.02085104,0.011797958
640,360,0.0015541499,-0.00076297787
660,360,6.400722e-06,-9.0382076e-07
680,360,-0.0006550089,-0.0009810707
700,360,-0.013316699,0.01584056
720,360,5.5945998e-06,7.984908e-06
740,360,-0.008440853,-0.010666473
760,360,-2.1393193e-05,2.5337618e-05
780,360,1.236233e-05,-6.552202e-06
800,360,0.00024117979,0.0095641
820,360,0.00040982684,0.0004173426
840,360,-0.0025918535,0.00084920105
860,360,-0.0037716876,0.006815226
880,360,-0.0030282463,0.013040515
900,360,0.040703595,-0.004744506
920,360,0.00012082677,0.0004570395
940,360,-3.4147626e-05,0.00014888338
960,360,0.011423281,0.004256528
980,360,-1.6369297e-06,1.2726345e-05
0,380,-0.020469105,0.0063089337
20,380,-0.0009688552,-0.0008023227
40,380,-0.019656692,0.0120106945
60,380,-0.10593358,0.01062097
80,380,0.019887721,-0.015816417
100,380,0.0012720549,0.0005006371
120,380,-0.087694645,0.07822805
140,380,1.5933549e-05,-2.0765033e-06
160,380,-0.00016333233,-5.8594207e-05
180,380,-0.021163432,0.012898197
200,380,-0.034901675,-0.019401707
220,380,-2.6058713e-06,2.1766855e-06
240,380,-0.022803226,0.019118432
260,380,-0.0002120786,-3.1832096e-05
280,380,0.0005174849,0.008799741
300,380,-3.6814847e-05,4.301709e-05
320,380,1.4643987e-06,-1.2369071e-06
340,380,4.341695e-06,-4.8910797e-06
360,380,0.0008985606,-0.017993238
380,380,-8.558203e-06,-6.958669e-06
400,380,5.105111e-05,-0.00016547221
420,380,-0.0075130686,0.011242022
440,380,-0.021449286,0.039993968
460,380,-0.0006443556,0.0007663891
480,380,-0.008237298,0.031076973
500,380,0.0011051797,0.0031073524
520,380,-0.012140404,0.019152673
540,380,-0.03919016,0.09643247
560,380,0.013169612,0.00134205
580,380,-0.0014825854,0.0042514363
600,380,0.01243127,-0.0057220855
620,380,5.381112e-05,3.2943048e-05
640,380,3.0210617e-06,-3.1826512e-06
660,380,-1.6687852e-06,-2.8964178e-06
680,380,3.0545523e-06,2.8975114e-06
700,380,-6.733315e-05,4.7974565e-05
720,380,-0.008600006,0.00042068333
740,380,-0.001493395,4.3373504e-05
760,380,0.0042287437,0.015801141
780,380,-4.616888e-05,7.406636e-05
800,380,7.589596e-05,0.00055405573
820,380,-2.6846568e-05,0.000119522505
840,380,0.02713466,-0.009084387
860,380,1.0999466e-05,5.7801204e-05
880,380,0.0002509141,0.008121882
900,380,-0.007402196,-0.0017087061
920,380,-0.21818994,-0.08966111
940,380,4.8791157e-05,-3.151971e-05
960,380,-2.113576e-05,-6.8993795e-06
980,380,-8.269034e-06,-9.443915e-06
0,400,0.0006618016,0.003766807
20,400,-0.003407609,0.007923085
40,400,-0.00041740108,-0.0030285902
60,400,0.013277857,0.005907253
80,400,-0.004670252,-0.0036720405
100,400,-1.0538572e-06,1.0984209e-05
120,400,-2.382437e-06,3.971923e-06
140,400,0.010526845,0.04796538
160,400,0.008409871,-0.023031022
180,400,-0.0040620607,0.002055342
200,400,-1.3864559e-06,-2.1947278e-06
220,400,1.15161946e-07,8.3296385e-07
240,400,-8.265382e-05,0.0001279073
260,400,-0.19596642,0.131066
280,400,-0.008234211,-0.028539687
300,400,0.052853312,-0.030030001
320,400,0.0027954022,-0.0018959573
340,400,0.0070002326,0.0037280468
360,400,0.00023924712,1.2660238e-05
380,400,-0.0008808074,-0.006681602
400,400,-0.0053677866,-0.011094903
420,400,0.002163024,0.0021392012
440,400,-0.010009171,-0.013671387
460,400,-0.008634618,-0.0017027133
480,400,0.034350812,0.009703388
500,400,-0.22548342,0.008775629
520,400,0.014976011,-0.0010602827
540,400,0.0023749073,0.007270689
560,400,0.0006050901,0.0005247262
580,400,0.008900804,-0.012867576
600,400,0.0011326588,0.0024020863
620,400,0.0022084645,0.0073599024
640,400,-0.005345427,-0.01690946
660,400,-0.013413189,1.2490098e-05
680,400,-0.008410654,0.009654257
700,400,0.006339203,-0.08567304
720,400,-3.5624595e-05,1.820992e-05
740,400,0.061203014,-0.02392895
760,400,0.0033031104,-0.009218599
780,400,-0.001937852,0.0024226871
800,400,-0.008799264,0.006879929
820,400,0.0024874632,0.015559164
840,400,-0.0034763452,-0.0054905512
860,400,1.5577074e-05,1.1438192e-05
880,400,9.839903e-06,-3.6128324e-06
900,400,0.0051785735,0.0014600296
920,400,-0.005918094,-0.028355312
940,400,-4.325356e-05,-6.390935e-06
960,400,-0.0018493672,0.0008228555
980,400,-0.0005891897,-0.0003969528
0,420,-6.1280457e-07,-1.3055266e-05
20,420,-0.006226507,-0.07023418
40,420,0.026766445,-0.0026833408
60,420,0.013143792,0.0020861935
80,420,6.2570973e-07,2.1696605e-06
100,420,2.4866318e-07,-3.5754415e-06
120,420,2.7807026e-08,1.5183155e-06
140,420,0.0003224562,0.00014455596
160,420,-0.21573882,0.16966364
180,420,-0.008580507,0.010992854
200,420,-6.732202e-07,3.8427365e-06
220,420,1.459958e-06,-1.4810062e-06
240,420,0.00029719406,0.0005034934
260,420,0.01897984,-0.0021895447
280,420,-4.880686e-06,0.00027886257
300,420,0.013110817,-0.009397337
320,420,0.12032828,0.0036509195
340,420,-0.008557692,0.0044129724
360,420,0.0002264713,-0.00023845627
380,420,0.0030342648,0.020898046
400,420,0.00028133302,0.00019317179
420,420,-0.00081111793,-0.0004728242
440,420,0.00068296643,-0.008951377
460,420,-0.0020101801,0.0018776421
480,420,0.00011500732,9.1454436e-05
500,420,-0.00051373086,-5.688524e-05
520,420,0.000551647,-0.0001902328
540,420,-0.013778528,-0.023142803
560,420,-0.00025198766,5.258629e-05
580,420,-0.0005085465,-0.0027854287
600,420,-0.0029666768,0.021727737
620,420,0.002691486,0.08599447
640,420,-0.12438669,-0.09504161
660,420,-0.1768029,-0.008450761
680,420,-0.0005755776,-6.784055e-05
700,420,-0.022086931,0.0024798152
720,420,0.000113913695,0.0001870109
740,420,-0.00013846607,-0.00012332363
760,420,0.00263753,-0.00895348
780,420,-0.022769371,0.004171908
800,420,0.00018055443,-0.00010101806
820,420,0.1731163,-0.034450557
840,420,0.09736625,-0.0068641338
860,420,0.059997816,0.015782615
880,420,-0.0006307307,0.00035213894
900,420,0.077478774,0.025062427
920,420,-0.06299999,0.0104671195
940,420,-2.7047072e-05,-1.02502045e-05
960,420,-0.007668317,0.010183299
980,420,-8.97522e-06,-7.553317e-06
0,440,0.00074175675,0.0065339715
20,440,0.00027829988,0.00059104786
40,440,0.044617467,0.037148476
60,440,0.00805431,-0.03521205
80,440,-9.257227e-05,-3.2749536e-05
100,440,-0.00013563945,0.00012375563
120,440,2.3245046e-07,-2.394907e-07
140,440,-0.0034997296,0.0008440634
160,440,0.0042418563,0.0013131514
180,440,6.8685796e-07,-1.4415472e-06
200,440,2.6211746e-06,2.9340326e-06
220,440,1.8181348e-05,-8.885043e-06
240,440,-0.006742253,0.0010532272
260,440,0.0012725729,0.008389766
280,440,-0.0049888575,0.01881605
300,440,0.001406737,-0.01010102
320,440,9.312232e-06,-8.10719e-06
340,440,6.08691e-07,-1.2254472e-06
360,440,-1.3703515e-05,-1.5892225e-05
380,440,6.7658852e-06,1.19795295e-05
400,440,0.0048534106,0.06082212
420,440,-0.0798451,-0.00028092766
440,440,0.00066882547,-0.0013812643
460,440,-0.02806642,0.069046125
480,440,-0.023728497,0.03718288
500,440,-5.4253132e-06,1.9630604e-06
520,440,-0.0021238134,-0.00010542113
540,440,0.0036724699,-0.0022188697
560,440,-0.0011776417,-0.038032066
580,440,-9.2810305e-06,-1.7653678e-06
600,440,-7.5584057e-06,6.1566698e-06
620,440,-0.012902766,-0.009201202
640,440,0.01895927,0.0006680871
660,440,-0.001123857,-0.00041309302
680,440,-0.0020549404,-0.00864914
700,440,-0.0006687664,0.0032287696
720,440,-0.0002534093,-0.00029122824
740,440,0.037178323,0.021583136
760,440,-0.07164864,-0.08202304
780,440,-9.5138406e-05,5.721441e-06
800,440,1.8565608e-05,-2.4674348e-05
820,440,3.2781318e-05,2.7641105e-05
840,440,0.001189592,0.006760513
860,440,-0.0022983588,0.05895145
880,440,-0.021960475,0.013360648
900,440,-6.2824394e-05,-9.957826e-06
920,440,-0.0030772525,0.0013478072
940,440,-0.004145162,0.0011686926
960,440,-2.3903538e-06,-3.2806295e-06
980,440,-1.6059437e-06,-6.019626e-06
0,460,-0.1755592,-0.05656915
20,460,-0.0068909456,-0.0004469565
40,460,1.4615539e-05,1.4050287e-05
60,460,0.05030316,-0.05739859
80,460,0.06481423,0.014427931
100,460,-5.0759994e-05,0.00012868071
120,460,5.0177277e-08,2.3175976e-06
140,460,7.8300934e-07,-1.7831102e-06
160,460,4.021611e-07,3.6759081e-07
180,460,-0.0001394012,-1.8532919e-05
200,460,-0.00018177097,0.000111512236
220,460,-0.00031520796,0.010392242
240,460,-0.0064115864,-0.007225312
260,460,0.01420001,-0.032048568
280,460,0.052848272,-0.028669856
300,460,-0.00041949766,-5.72216e-05
320,460,-0.0003756027,-0.007883047
340,460,0.013177344,-0.027985254
360,460,-0.061993398,0.06017523
380,460,-0.00012819954,0.00013471939
400,460,-0.0005813208,0.00014274674
420,460,-0.035848685,-0.008517749
440,460,-0.00397892,0.0046379887
460,460,-0.026955146,-0.038385026
480,460,-0.009399995,0.024043871
500,460,-0.00332536,-0.0002542881
520,460,0.0009069217,0.0014258261
540,460,-0.0014895699,-0.006931439
560,460,-0.00014978768,-0.00028710542
580,460,0.00018643224,-0.0002671272
600,460,-0.015022159,-0.019539574
620,460,-1.3158422e-06,1.76929e-06
640,460,-0.0006922791,0.0044811475
660,460,-6.361474e-05,-5.2458072e-05
680,460,-0.0014739255,0.0018497424
700,460,-0.012514052,0.020498337
720,460,0.04568953,0.00023569967
740,460,0.034485273,0.020910155
760,460,0.0002579108,0.0031246638
780,460,0.053792693,0.030110586
800,460,0.018398777,0.027851002
820,460,0.010291503,0.0019427438
840,460,0.00043276203,5.7582798e-05
860,460,0.0004919646,7.365337e-05
880,460,-0.0008075983,-0.028373752
900,460,-0.00064207223,-9.595992e-05
920,460,-4.258038e-05,-9.886777e-07
940,460,-1.0032497e-05,3.5061632e-06
960,460,-9.425926e-06,9.166457e-07
980,460,-1.520113e-06,-9.911888e-07
0,480,0.057414427,0.0009864866
20,480,-0.0030489932,-0.00016238424
40,480,1.6319217e-06,-2.5441348e-06
60,480,0.001706813,0.0013407933
80,480,-0.0032093413,0.0016816026
100,480,-0.005503763,0.0051629962
120,480,8.0602587e-07,9.367934e-07
140,480,1.7511477e-08,2.007813e-06
160,480,9.8674045e-06,-1.7675566e-05
180,480,0.0024635133,-0.00879392
200,480,0.0037164171,-0.02243141
220,480,0.030803557,0.0077798357
240,480,-0.003668371,-0.022489041
260,480,-0.08092517,0.013248697
280,480,-0.021231892,0.008241796
300,480,-0.07699796,0.089642875
320,480,8.663834e-05,4.8471356e-05
340,480,-0.0040348177,0.007164123
360,480,-0.0018221342,-0.0029332212
380,480,-0.041195497,0.03834986
400,480,-0.04946535,0.07104801
420,480,0.022227235,-0.006263478
440,480,-0.00037507922,-0.00012438641
460,480,0.0022706522,0.005175425
480,480,-0.000914223,-0.010632769
500,480,0.0017930345,-0.0071343877
520,480,0.00010418397,-2.9915778e-05
540,480,-1.6495627e-05,3.7806283e-06
560,480,-0.031846724,0.070318244
580,480,0.03836377,0.040863983
600,480,-0.0008167397,-0.0010472523
620,480,1.113132e-05,-1.759662e-06
640,480,0.041317303,0.011120751
660,480,-0.002390833,0.000282687
680,480,0.03526014,0.0146939475
700,480,0.0007568822,0.0037847778
720,480,5.1223054e-05,-0.00010115463
740,480,2.2034117e-06,8.958556e-07
760,480,9.7416105e-06,3.6462511e-06
780,480,0.00047601177,0.0017015018
800,480,-0.0064733485,0.00039790716
820,480,-0.015759848,-0.21519089
840,480,-0.0001998882,-0.00069163175
860,480,0.00014978394,0.00017511091
880,480,-0.0022189731,0.00081269274
900,480,-0.21194084,0.0015831013
920,480,7.2418836e-05,-0.0002297542
940,480,-5.523959e-06,-1.6921066e-06
960,480,-4.969201e-06,-2.4264716e-06
980,480,-5.673865e-06,-2.2194376e-06
0,500,0.17246981,0.024239637
20,500,-0.010522746,0.003950397
40,500,0.003479512,-0.00045943976
60,500,0.012769721,-0.003107185
80,500,0.00020949586,0.0017328428
100,500,-0.00528206,0.013610756
120,500,-4.3022872e-05,-7.382427e-05
140,500,-0.018430253,0.024718832
160,500,0.037689574,-0.010290942
180,500,0.15159576,0.00913672
200,500,0.00017229917,-0.00031232642
220,500,7.622666e-05,5.9898957e-05
240,500,0.0015396612,-0.0022552363
260,500,-0.010184942,0.008136876
280,500,-0.00033527438,3.0640913e-05
300,500,-0.00018475538,-0.00029114645
320,500,0.0068964115,0.0042840554
340,500,-0.0025035313,0.02613415
360,500,0.0022770255,-0.00047764115
380,500,0.018546356,-0.02127862
400,500,-0.00042622827,0.00835626
420,500,-0.0036946381,0.0014502519
440,500,-0.015978178,0.039329734
460,500,-0.0041551213,-0.0044786828
480,500,-0.010533528,-0.039678693
500,500,4.380522e-05,2.2310826e-06
520,500,-1.3230467e-05,-1.3036432e-05
540,500,-5.9769886e-06,2.124471e-06
560,500,-6.31755e-05,-5.7956473e-05
580,500,0.0015937763,0.0009826703
600,500,-0.004228029,-0.00038291348
620,500,0.0040548914,-0.0059629492
640,500,-0.052342284,0.04164292
660,500,-0.00024176364,-7.2116105e-05
680,500,0.0005615068,0.0010276804
700,500,0.040783513,0.012787636
720,500,-0.0008893536,-0.0007651353
740,500,9.1845595e-06,-3.154738e-06
760,500,5.112668e-05,-3.1807537e-07
780,500,7.653158e-05,-0.00041555596
800,500,0.018650137,0.03423145
820,500,6.1939834e-05,0.001509765
840,500,-6.0191745e-05,-3.212658e-05
860,500,6.0113994e-06,-3.6086615e-06
880,500,6.016807e-05,3.800139e-05
900,500,0.10563148,0.021127585
920,500,0.00020861175,0.0002156405
940,500,2.3044244e-05,-0.00031120432
960,500,-3.6371915e-05,-0.00029883636
980,500,5.160198e-05,-0.00011375512
0,520,0.0040928093,-0.009505406
20,520,-0.058873985,-0.050772987
40,520,0.018208101,0.0015251645
60,520,0.1191278,0.02546443
80,520,0.00029117803,-5.1117073e-05
100,520,-0.02423323,-0.035983
120,520,-4.0681607e-05,-3.802845e-05
140,520,-0.007876524,0.004165355
160,520,0.00056545995,4.5480406e-06
180,520,1.1780585e-05,2.294088e-05
200,520,1.4543359e-06,1.7495695e-06
220,520,-3.8234243e-06,-1.9829033e-06
240,520,0.0045933314,0.0030040029
260,520,-0.0044370177,-0.040679716
280,520,0.00016751097,-1.1831655e-05
300,520,-0.00049864425,-0.0005789661
320,520,-0.012550485,0.019778367
340,520,-0.064009264,-0.022397123
360,520,-0.08916827,-0.003599881
380,520,-0.0033605157,0.06190634
400,520,0.0084453365,0.084298104
420,520,-0.01749576,-0.23840976
440,520,0.011384217,-0.28677562
460,520,-0.026021134,0.027305964
480,520,-0.02459003,0.11351551
500,520,0.0036777856,0.008059607
520,520,-4.043849e-06,1.7484534e-05
540,520,-6.5234735e-07,-5.675682e-06
560,520,0.027679287,-0.04980105
580,520,0.058937393,0.055357415
600,520,-0.00014834099,-0.03545637
620,520,-0.042884357,-0.06854153
640,520,-4.6012767e-07,-8.7166145e-06
660,520,-2.2099966e-05,0.00012355552
680,520,0.000102010876,-1.5357864e-05
700,520,0.12584245,-0.07648812
720,520,0.039902013,-0.018970942
740,520,-0.0299254,-0.08116529
760,520,0.02693591,0.027937705
780,520,-0.0051997355,0.0061026174
800,520,2.0108924e-05,4.078482e-06
820,520,1.2459359e-05,-1.4783813e-05
840,520,-1.35560995e-05,5.6985573e-05
860,520,-5.014617e-06,5.8652477e-06
880,520,6.752501e-06,5.854547e-06
900,520,-0.0009743808,-0.00035923638
920,520,-1.1407411e-05,3.5327652e-05
940,520,-0.002724952,-0.00321561
960,520,-0.013886659,-0.011539251
980,520,0.0046396237,0.019027943
0,540,-0.0019474939,-0.0053821034
20,540,-3.3513338e-06,-4.584412e-06
40,540,-1.4213943e-05,-3.9269776e-06
60,540,-0.07857486,-0.037912883
80,540,-2.5895692e-06,1.8379574e-06
100,540,0.22951686,-0.008946622
120,540,-0.00017684666,-0.00012258215
140,540,1.4833249e-05,0.00013729288
160,540,-0.0008467184,5.98378e-05
180,540,-7.3830033e-06,-2.1884302e-06
200,540,0.0028953513,0.0027794386
220,540,-0.002784779,-0.0017459034
240,540,0.003479269,0.005660653
260,540,0.004308285,-0.00015057572
280,540,0.0010160775,-0.015951367
300,540,0.00011563101,-3.0478213e-05
320,540,0.017997887,0.015766235
340,540,-0.02569899,0.040523633
360,540,-0.036877066,-0.011391747
380,540,0.05466378,0.02103353
400,540,-0.04205571,0.13909946
420,540,-0.035764057,-0.7323705
440,540,-0.00870855,-0.099948354
460,540,-0.008677424,0.0004999347
480,540,0.017512094,0.021856545
500,540,0.13639596,0.05943247
520,540,0.0006024915,-8.400907e-05
540,540,2.3999246e-06,3.5397602e-06
560,540,1.1069761e-06,1.9329958e-05
580,540,0.0006531789,-0.00020604658
600,540,7.806766e-05,-2.3795994e-05
620,540,0.00018325933,4.419041e-05
640,540,0.00041904065,-8.953317e-05
660,540,0.038788687,-0.004882233
680,540,0.0003166068,0.0001385742
700,540,0.016353969,-0.015741391
720,540,0.004647408,-0.0041096467
740,540,-3.1492138e-05,-4.3188345e-05
760,540,0.00094192196,0.0052520903
780,540,1.2456521e-05,2.780766e-06
800,540,2.501521e-06,2.3774547e-07
820,540,0.0035518487,0.0067815785
840,540,-0.00039112332,8.811289e-05
860,540,-1.5711173e-06,-1.8532819e-06
880,540,4.6469886e-06,-5.3348263e-06
900,540,0.00010077615,-2.3652578e-05
920,540,0.025830138,0.0404841
940,540,0.056702618,0.12448231
960,540,0.022747941,-0.0024536957
980,540,0.00054277474,-0.00063225784
0,560,0.0011878572,-0.0074300943
20,560,7.691868e-07,-5.9776125e-06
40,560,0.0043276576,0.007832904
60,560,-0.06685542,0.0011235113
80,560,0.006892287,-0.010359573
100,560,0.006877513,0.0014317189
120,560,-0.011992939,0.017937653
140,560,-0.09829788,0.09270162
160,560,-0.22821316,0.08910214
180,560,0.066077925,0.04484338
200,560,-0.0053883283,-0.0060455306
220,560,-0.00018958308,-0.00015516188
240,560,-0.19311145,-0.00368499
260,560,-0.010951377,-0.004116949
280,560,-0.011598014,0.018434983
300,560,4.1647863e-06,1.900733e-05
320,560,0.13621482,0.007708391
340,560,0.054017182,-0.005134657
360,560,-0.07446599,-0.1507588
380,560,0.0012845561,0.0007744626
400,560,0.022390626,0.05142433
420,560,-0.07122674,0.1523679
440,560,-0.0023314145,0.041108992
460,560,0.018550053,-0.005293174
480,560,0.12178911,0.002359816
500,560,0.013791183,0.018426128
520,560,0.00016057676,0.00039554684
540,560,1.553332e-05,1.2659977e-05
560,560,-6.537227e-05,0.00011171617
580,560,0.207277,-0.056901775
600,560,0.00064973463,8.989976e-05
620,560,0.0074072643,0.0040137204
640,560,0.03868865,0.0075274785
660,560,-5.27874e-05,0.00015081785
680,560,1.8322296e-05,1.3779497e-05
700,560,6.3994354e-05,0.0007310596
720,560,0.0006458245,0.012827035
740,560,0.0013991292,0.00050037354
760,560,-7.061404e-06,1.4204727e-05
780,560,5.527028e-06,-2.92091e-06
800,560,3.5192195e-07,5.987293e-06
820,560,0.013422567,-0.0039140913
840,560,-0.00011203809,-0.00040619835
860,560,-1.2477301e-05,9.9253e-07
880,560,-7.4018917e-06,-8.1761855e-06
900,560,-1.21510075e-05,-1.5913855e-06
920,560,0.0007714616,-0.00039293553
940,560,-0.0028162724,0.0016775433
960,560,0.02205796,-0.0034835234
980,560,-0.00021671686,0.0005038953
0,580,0.007165853,0.0016920166
20,580,1.2350431e-05,1.5271625e-06
40,580,0.0024740605,-0.0027261912
60,580,-0.023250077,0.025157029
80,580,0.0050885333,-0.0018604362
100,580,-0.00013449545,-0.00013753456
120,580,-0.0015826058,0.0020509376
140,580,0.10541376,-0.026434144
160,580,-0.13495144,0.17070055
180,580,-0.11589092,0.11777758
200,580,3.389161e-06,0.00041979988
220,580,6.3876505e-06,3.7528637e-06
240,580,0.039743137,0.010411266
260,580,0.008667484,0.0013810449
280,580,-1.6271815e-06,9.167702e-06
300,580,-1.40077955e-05,-0.00016824056
320,580,0.007264257,0.0064908043
340,580,0.00018702353,-2.5926834e-06
360,580,8.6315325e-05,0.0033072801
380,580,-0.0027351987,-0.0025912642
400,580,-0.008143238,0.034639657
420,580,0.09983594,-0.3392352
440,580,0.0147084305,-0.03330309
460,580,-0.07929899,0.045818456
480,580,-0.002432161,0.08069541
500,580,0.0034551925,0.14367992
520,580,-0.0002294673,0.00016009068
540,580,9.347465e-06,8.015859e-06
560,580,-4.6315045e-06,-1.3377501e-06
580,580,6.803973e-05,-0.0007934537
600,580,1.2930073e-05,-9.939293e-06
620,580,6.960755e-05,-0.00015255013
640,580,3.377896e-05,-8.5348765e-05
660,580,5.7765897e-06,-1.7297075e-06
680,580,1.1957255e-05,2.1903252e-06
700,580,-0.0049482025,-0.0064614494
720,580,2.550822e-05,-9.440046e-06
740,580,-0.021418992,-0.0017469415
760,580,0.00025320143,6.8180394e-05
780,580,1.0800241e-05,-1.079324e-05
800,580,5.4083566e-06,5.7082966e-06
820,580,0.0044714212,0.009982852
840,580,0.001873891,-0.0020984374
860,580,-0.011429118,0.0062341937
880,580,-0.051550828,-0.039989326
900,580,-3.7600394e-06,-4.929482e-06
920,580,9.935957e-06,-7.0286137e-07
940,580,0.0038638313,-0.0058363895
960,580,0.004088704,-0.00014261447
980,580,0.008149306,-0.041203823
0,600,-0.11648578,0.021093251
20,600,-0.00017094806,-0.00012954995
40,600,-5.579935e-06,1.1698858e-06
60,600,-2.2127328e-05,-1.1085315e-05
80,600,0.12432279,-0.0046824724
100,600,0.02815208,0.0029103847
120,600,0.0007967527,-0.00021840572
140,600,1.8163799e-05,-2.4370764e-05
160,600,-0.0014716053,0.004584707
180,600,-0.029086111,0.12440489
200,600,0.027639033,0.023165923
220,600,7.771513e-08,5.5379123e-06
240,600,6.909132e-06,3.0983334e-05
260,600,0.008234975,-0.004866337
280,600,-2.2128797e-05,1.4834863e-05
300,600,0.0057604243,-0.0102739725
320,600,0.053534612,0.02655804
340,600,0.00584537,-0.010588244
360,600,-0.02299496,-0.043303788
380,600,-0.12311565,0.033779424
400,600,-0.240357,0.0029214828
420,600,-0.11118368,-0.447696
440,600,-0.13485855,-0.063487306
460,600,-0.018502213,0.11995083
480,600,0.1682753,0.27638802
500,600,0.029318716,0.038942818
520,600,-9.427727e-05,8.502969e-05
540,600,5.5620317e-06,2.59697e-06
560,600,8.075642e-06,-3.721418e-06
580,600,4.6611353e-06,-7.6087204e-06
600,600,1.0276937e-05,1.4994595e-06
620,600,9.817166e-06,1.3235872e-05
640,600,5.806321e-06,-2.0735915e-05
660,600,8.129389e-06,-1.2930398e-05
680,600,8.312441e-06,-1.2095472e-05
700,600,0.001363657,-0.0019231418
720,600,-0.007562674,-0.00438369
740,600,0.00221929,-0.0012003448
760,600,0.03908638,-0.06711384
780,600,3.2678856e-06,-9.7694065e-06
800,600,-5.42851e-06,-3.406391e-06
820,600,-0.0084136175,-0.00031271318
840,600,-0.00012784188,4.2517557e-05
860,600,-0.013023917,0.002069068
880,600,-0.00025670466,3.0350238e-05
900,600,-4.474116e-06,-1.1950488e-05
920,600,-7.249338e-07,-4.872656e-06
940,600,6.1755572e-06,6.134421e-06
960,600,9.394125e-06,-1.0150295e-06
980,600,-0.0023093112,0.0015119155
0,620,0.0033452879,-0.0023120737
20,620,-6.0825787e-05,-3.3289012e-05
40,620,0.023534652,-0.057572667
60,620,-0.021151865,0.037420474
80,620,0.072099134,0.029338194
100,620,-0.0005806947,0.0013124241
120,620,0.00023473127,-0.00023076902
140,620,9.933712e-05,-0.0031131972
160,620,-0.0004710092,-0.0037007222
180,620,0.013230236,-0.013785075
200,620,1.16207375e-05,7.834603e-05
220,620,-3.0986027e-06,7.1988993e-06
240,620,1.7423195e-06,-9.51525e-06
260,620,-7.1638315e-05,-0.00015004927
280,620,-0.017286917,-0.004578063
300,620,-0.092666924,-0.013997512
320,620,0.017461643,0.0068947775
340,620,-0.03073468,0.026219493
360,620,-0.04394541,0.15113577
380,620,-0.26239592,0.04337341
400,620,-0.5476848,0.29185954
420,620,-0.36390337,-0.07564651
440,620,-0.04178454,0.45406213
460,620,0.2786421,0.11957955
480,620,0.1770358,0.11722271
500,620,0.17665583,-0.03371283
520,620,1.204373e-05,1.3586658e-05
540,620,8.344141e-06,4.4887315e-06
560,620,1.0231298e-05,1.620294e-06
580,620,7.232619e-06,1.6712963e-06
600,620,7.068118e-06,7.4426594e-06
620,620,-0.00023295876,-0.00019335588
640,620,0.024291964,0.014942078
660,620,7.350493e-06,7.683158e-06
680,620,8.82228e-06,-5.6818004e-05
700,620,5.703614e-06,8.755781e-06
720,620,3.708026e-06,-7.87666e-06
740,620,-0.0073341806,0.0017006585
760,620,0.0045044515,0.0056885146
780,620,-0.0017205415,0.0131276185
800,620,-5.3376525e-06,3.8288485e-06
820,620,-0.0030499958,-0.0011749053
840,620,-1.5362242e-05,-7.7563476e-05
860,620,-0.036829796,-0.042535238
880,620,-2.0316875e-05,1.6511692e-06
900,620,-3.877091e-05,-0.00018554188
920,620,-0.00029722066,-0.00038686174
940,620,1.1816144e-06,-3.1030684e-06
960,620,1.5093385e-05,1.3849515e-05
980,620,-0.01582258,0.023932202
0,640,0.010575529,0.008318625
20,640,-0.06955867,0.0027447916
40,640,0.009747433,0.021811813
60,640,0.02389802,0.11513668
80,640,0.00018452229,0.0008072031
100,640,-4.0259573e-07,-8.447508e-08
120,640,1.1299027e-06,-1.1175078e-05
140,640,-0.00019236343,7.316733e-06
160,640,0.00026039642,-0.0007812538
180,640,1.4308116e-06,-5.5059786e-07
200,640,-1.7431872e-06,8.41126e-06
220,640,1.0545334e-06,7.81962e-06
240,640,2.157978e-07,-6.925252e-06
260,640,-6.2713303e-07,-6.019131e-06
280,640,-0.0005137535,-0.0002641345
300,640,-0.012235916,-0.011012197
320,640,-0.008412162,0.009637667
340,640,0.01154082,0.0020450226
360,640,-0.04208446,0.20878102
380,640,0.057589598,0.85836655
400,640,-0.31808925,0.42336875
420,640,-0.076787464,-0.89924085
440,640,0.118399106,0.020824563
460,640,0.067313924,0.04426069
480,640,0.46449265,0.05486164
500,640,-0.00068793,0.00019533788
520,640,1.1713559e-05,7.3087485e-06
540,640,0.014326412,-0.03181071
560,640,0.0034912908,0.0025488238
580,640,6.8648933e-06,-6.9979785e-07
600,640,5.902731e-06,-9.0089725e-07
620,640,4.3229782e-05,3.4970584e-05
640,640,-9.129419e-06,-5.7861153e-06
660,640,2.5788468e-05,-2.534677e-05
680,640,0.014868582,0.019564291
700,640,-3.012927e-06,1.4196751e-05
720,640,1.0511658e-05,-9.843625e-06
740,640,0.0005726268,-0.00034653966
760,640,1.300673e-05,-5.815245e-05
780,640,-2.7085856e-05,0.0012860873
800,640,-0.00045799834,-0.0007149068
820,640,-6.196547e-06,-6.3299117e-06
840,640,-5.9564863e-06,-6.531508e-06
860,640,-3.1365107e-06,-9.701953e-06
880,640,0.0015781221,-0.0028194182
900,640,-0.0005427704,-0.0004436292
920,640,0.021281913,-0.053829204
940,640,0.000102782156,4.119775e-05
960,640,1.3288985e-06,4.007009e-06
980,640,-3.9521943e-05,-2.5589607e-05
0,660,4.7360973e-05,-0.0005327578
20,660,-0.001751309,0.0031338478
40,660,-0.014303622,-0.009840729
60,660,-1.1143567e-05,0.00015520034
80,660,2.9149446e-06,-2.297782e-05
100,660,-1.9270092e-07,-5.7231287e-06
120,660,-2.266405e-06,-9.300116e-06
140,660,-0.024534032,-0.03949302
160,660,-1.6249682e-05,-2.1366382e-05
180,660,-0.009093888,0.0035080565
200,660,0.0010188526,0.0023970974
220,660,0.0007445873,-0.0015073423
240,660,-2.0575872e-06,-8.694377e-06
260,660,-2.167441e-06,-6.5914614e-06
280,660,-7.671721e-06,-7.784429e-06
300,660,-0.0019810116,-0.02821785
320,660,-0.043399937,-0.03637488
340,660,0.00017423234,-4.0089606e-05
360,660,0.002701405,0.0027581765
380,660,0.008393811,0.21091248
400,660,-0.086092606,0.19945377
420,660,-0.18790829,0.31696844
440,660,0.044177387,0.014080461
460,660,0.09407512,0.23323572
480,660,-0.0048844335,0.011266384
500,660,-0.0014728857,-0.02849154
520,660,0.05111551,0.004014493
540,660,-0.00012435377,-0.02216948
560,660,8.5096784e-05,-0.00025386875
580,660,3.318694e-06,1.9400134e-06
600,660,1.1254383e-06,4.674891e-07
620,660,-4.252549e-06,-9.737601e-06
640,660,0.0003056261,7.273564e-05
660,660,0.026261505,0.056555636
680,660,2.2742737e-05,-6.034385e-08
700,660,-4.4659573e-06,-9.727326e-06
720,660,0.00012703515,-7.3692704e-06
740,660,0.0391523,-0.009553713
760,660,0.009608201,0.005265213
780,660,0.012449864,-0.01006742
800,660,-0.0016323279,0.00113639
820,660,3.794654e-06,8.344669e-06
840,660,1.3256675e-05,7.22109e-06
860,660,6.5717236e-06,-9.687799e-06
880,660,0.004356977,-0.00496199
900,660,0.001340574,-0.0052818926
920,660,0.04169873,-0.014959904
940,660,0.008794306,-0.010781135
960,660,4.8814454e-06,-9.097579e-06
980,660,-1.0010577e-07,-6.980867e-06
0,680,-0.05979414,-0.014040778
20,680,0.010091639,0.014497511
40,680,-0.06847985,-0.1260727
60,680,-7.065217e-05,-2.7507879e-06
80,680,0.044210482,-0.06590309
100,680,-0.0096772015,0.0010399257
120,680,-0.019067999,0.00972291
140,680,-0.022088857,-0.008155053
160,680,6.619854e-06,6.0838516e-05
180,680,-0.01643329,0.01575842
200,680,0.0025052242,0.0014720868
220,680,-0.0007725133,-0.0017454338
240,680,-1.8726876e-06,-5.9524614e-06
260,680,-4.328952e-07,-7.214915e-06
280,680,-3.1055433e-06,-8.499772e-06
300,680,0.0026849343,-0.05597955
320,680,0.0010778531,-0.00034346213
340,680,0.011140407,0.004492068
360,680,0.0012927359,-0.0029371888
380,680,-0.00093465287,-0.0057758926
400,680,0.08544665,0.040279604
420,680,-0.014616022,0.22272089
440,680,0.0033002908,0.046648107
460,680,0.00025575294,-0.00029473493
480,680,-6.805837e-06,8.081419e-06
500,680,0.003993181,-0.00024187479
520,680,8.40281e-07,-7.3529765e-05
540,680,1.7125423e-06,8.293137e-06
560,680,3.561328e-05,3.7517762e-05
580,680,9.6550866e-05,7.4446245e-05
600,680,0.00031969344,-3.639655e-05
620,680,9.3225786e-08,9.9908455e-08
640,680,-5.8063768e-05,0.000108651286
660,680,-0.040258113,-0.008825249
680,680,-0.0016255535,-0.00049262564
700,680,-9.254142e-06,-9.698568e-06
720,680,0.008177319,0.01090835
740,680,0.0024662171,-0.0015813212
760,680,-0.0020617761,0.0027582338
780,680,-0.058721177,0.015434089
800,680,4.6059376e-06,-0.00012423821
820,680,0.0005644238,0.00027389356
840,680,0.04368409,0.13310619
860,680,-0.00010916536,4.684214e-05
880,680,0.008764356,-0.07727736
900,680,0.010188104,-0.013635728
920,680,-0.014057774,-0.14163285
940,680,-3.022191e-05,-5.2234853e-05
960,680,0.00828846,-0.013449995
980,680,0.018815001,-0.018172992
0,700,-0.13850507,0.021618787
20,700,-0.04301452,-0.009756416
40,700,0.0903583,-0.032006707
60,700,7.6917335e-05,-2.9135814e-05
80,700,0.04685866,-0.081118524
100,700,0.0016182025,-0.0030493443
120,700,-0.00016576347,-0.00018543692
140,700,0.03798309,-0.0040353937
160,700,-0.079388544,0.04229848
180,700,-0.0009018748,0.000655629
200,700,-0.00025361375,-0.00016610985
220,700,-0.0001707614,2.965045e-05
240,700,6.6907056e-08,-4.5808583e-06
260,700,3.99706e-06,3.87878e-06
280,700,2.0410205e-06,-1.0847061e-06
300,700,2.8560446e-06,-2.5863474e-06
320,700,3.091804e-06,5.7316535e-10
340,700,0.0011117972,0.0023366488
360,700,0.007420536,0.15773492
380,700,0.0007701304,0.00019965599
400,700,-1.1951894e-05,1.2866954e-05
420,700,-2.2430493e-05,-0.000104968836
440,700,-0.014530177,0.028563527
460,700,-1.8272474e-06,4.730678e-06
480,700,0.0001303572,-8.9798516e-05
500,700,6.5517554e-07,-6.5815846e-07
520,700,-5.2602973e-06,-3.99031e-07
540,700,-3.906357e-06,1.0666753e-05
560,700,0.09421742,0.05859267
580,700,0.013730621,0.018096613
600,700,0.17922692,-0.20386633
620,700,3.2283695e-06,-2.0398484e-05
640,700,8.9463776e-07,-6.205007e-08
660,700,-4.0901573e-06,-2.2912868e-06
680,700,-2.601233e-06,-7.885001e-06
700,700,-2.4132646e-06,-3.9891056e-06
720,700,3.2362957e-06,1.511541e-06
740,700,6.119806e-06,2.8997154e-06
760,700,-0.00035274943,-1.953232e-05
780,700,-0.002704619,-0.00077583967
800,700,0.007846312,-0.0081780115
820,700,-0.0030258256,-0.0011093499
840,700,-0.0013778098,0.03360328
860,700,7.67091e-06,6.009108e-05
880,700,-0.00039038574,-0.000116684365
900,700,-0.03181451,-0.031366777
920,700,0.030165931,-0.0855272
940,700,-6.501755e-06,-0.00013164771
960,700,0.0013254037,-0.0033770818
980,700,-0.19520278,0.016254872
0,720,0.005710646,-0.002629078
20,720,-3.497379e-05,0.00040835797
40,720,0.00051322253,-0.0014107303
60,720,-0.0017906359,-0.0026043437
80,720,-0.0012016816,-0.0004397918
100,720,-0.0014180213,-0.0030726672
120,720,-0.0132218795,0.0012182473
140,720,-0.016902387,0.0103348335
160,720,0.09393145,0.08098141
180,720,0.01751534,-0.03252744
200,720,-0.0028085154,0.009701133
220,720,-0.014637712,-0.008353287
240,720,-1.6738271e-06,-2.4012115e-06
260,720,3.9639713e-06,3.150715e-06
280,720,0.010559893,0.025710918
300,720,-1.2529449e-07,1.6574757e-06
320,720,-0.0118290745,-0.014745346
340,720,2.8662933e-05,-1.4475416e-05
360,720,0.0034835963,0.012170824
380,720,0.03552932,-0.035762448
400,720,2.2823267e-05,-3.1205457e-06
420,720,0.00035720278,-8.1387945e-05
440,720,1.6721338e-05,-2.7954193e-06
460,720,6.089913e-06,9.065458e-06
480,720,-0.0060416963,0.027522773
500,720,-0.0057188147,-0.0068566827
520,720,-1.4239448e-05,5.627278e-06
540,720,-4.383926e-06,7.0117394e-06
560,720,0.0012321507,0.00575866
580,720,-0.00035895107,-3.7506236e-06
600,720,-0.00266752,-0.0015074726
620,720,1.6276497e-05,2.782731e-05
640,720,0.016700553,0.005883648
660,720,0.0005031867,-0.00016642087
680,720,-1.2679655e-08,-1.9753408e-08
700,720,-7.246298e-07,-7.121525e-07
720,720,-3.3234276e-06,-2.4286844e-06
740,720,-2.6975654e-06,-1.7378893e-06
760,720,-1.3803448e-06,-1.7786679e-06
780,720,3.049844e-06,-1.218813e-06
800,720,-0.00023097763,-0.00039800676
820,720,-0.0019780719,-0.0059373053
840,720,0.004988843,0.026479568
860,720,0.00051939755,-0.00014801646
880,720,0.00039102815,-0.00019111266
900,720,-0.0013821184,-0.005175593
920,720,-4.6078785e-05,6.427272e-05
940,720,0.00036621012,-0.000100011566
960,720,-0.002518316,0.00026653882
980,720,-0.0033456483,0.002561636
0,740,0.0010629625,-0.0014628458
20,740,0.00040661776,0.0067684683
40,740,0.0026062932,-0.0056655137
60,740,-0.0170549,-0.060782865
80,740,-0.095164746,-0.05679303
100,740,-0.001214631,-0.00037722668
120,740,-0.07941072,-0.06297816
140,740,-0.12802245,0.010904639
160,740,-0.18078497,0.00033604394
180,740,-0.17769709,0.007862265
200,740,0.07053282,0.11908188
220,740,-0.00013671465,2.5421965e-05
240,740,9.508135e-07,7.0226197e-06
260,740,0.0010399929,0.00015685051
280,740,0.061335333,-0.004141123
300,740,0.048890974,0.0037823948
320,740,0.0030883595,-0.0024332644
340,740,6.558516e-05,2.8293984e-05
360,740,1.4861618e-06,-2.3785399e-06
380,740,0.00017432027,-7.882148e-05
400,740,-4.5452885e-05,-0.00011302637
420,740,0.089700185,-0.07073658
440,740,0.0018118703,-0.0009686106
460,740,0.050467122,-0.010989001
480,740,-0.0005419486,0.0013450297
500,740,0.004700756,0.005837781
520,740,-1.751037e-05,-8.3654886e-05
540,740,0.00010093027,-3.8824164e-05
560,740,-8.1289016e-07,1.3233667e-05
580,740,8.363267e-06,7.116678e-07
600,740,3.5573664e-06,-3.290918e-06
620,740,3.312483e-06,5.2768437e-06
640,740,0.00011184844,0.00015091785
660,740,-1.1665197e-07,-9.822303e-08
680,740,-2.824065e-09,-3.3863528e-09
700,740,-3.8964767e-08,-8.444725e-09
720,740,-1.4155775e-07,-1.4281024e-07
740,740,9.45876e-08,-5.798718e-07
760,740,-8.745767e-06,-9.954612e-06
780,740,9.484887e-06,6.7156107e-06
800,740,0.030595576,0.012841377
820,740,-0.24552396,-0.17987862
840,740,-0.003712058,0.23081407
860,740,1.2696602e-05,0.004398848
880,740,-0.010783806,0.0026825496
900,740,0.0020750577,-0.0005318992
920,740,0.0014179567,-0.00057880505
940,740,-0.003610329,0.008192222
960,740,-0.031674698,0.025182433
980,740,-4.9111263e-06,6.704929e-05
0,760,-0.14116101,-0.03675258
20,760,-0.13816045,0.011114946
40,760,-0.0010317471,-0.00016371606
60,760,-1.1257855e-05,3.1325977e-05
80,760,-0.0018514734,0.0033992764
100,760,-0.008022885,-0.0013137466
120,760,-4.7698657e-05,-0.00026382742
140,760,-0.05873592,-0.007658878
160,760,-0.018299513,0.0016147348
180,760,-0.04732206,0.010467209
200,760,-0.007239995,-0.0043560164
220,760,-0.0041445266,0.03224831
240,760,-9.614054e-05,0.00022823364
260,760,-0.0006716239,0.0012529605
280,760,0.08403323,0.01545272
300,760,0.0025499712,0.0011128858
320,760,-0.0058945236,-0.0035997233
340,760,0.069301926,-0.004580251
360,760,5.907076e-05,5.6126282e-06
380,760,-0.030622939,-0.03601406
400,760,-2.0281034e-06,-7.059126e-06
420,760,-0.035062265,-0.026561586
440,760,0.012668301,-0.0046499614
460,760,0.064028755,0.02124185
480,760,0.022791665,-0.08398062
500,760,-0.004559093,-0.009227187
520,760,-0.0014914222,0.008474698
540,760,0.025775831,0.021944651
560,760,-1.7794117e-06,1.3925145e-05
580,760,2.4344692e-05,5.584847e-06
600,760,1.3731718e-05,2.1946524e-07
620,760,0.0001639284,0.00052042847
640,760,0.025631992,0.0221276
660,760,2.859721e-06,-3.7278105e-06
680,760,-1.7535733e-08,-2.3953232e-08
700,760,-2.2388512e-08,-3.6331498e-09
720,760,-4.7924754e-08,-1.0829989e-08
740,760,2.699799e-08,2.7530605e-08
760,760,-7.071414e-06,-1.0409059e-06
780,760,-0.043141425,0.0130830705
800,760,-0.0051778937,0.11264295
820,760,-0.00020542658,0.0032116482
840,760,-6.880874e-05,8.008224e-05
860,760,-4.5343736e-06,1.1149791e-05
880,760,-1.5583762e-05,7.6734364e-07
900,760,6.94101e-05,-1.1793696e-05
920,760,0.009317913,-0.14973846
940,760,-0.2479474,1.1426433
960,760,-0.01508493,0.014826339
980,760,-1.1097029e-06,-5.117799e-07
0,780,-0.06315051,-0.0056666574
20,780,-0.10138927,0.14750762
40,780,-0.0003014496,0.0005893316
60,780,2.3184723e-06,4.611593e-06
80,780,0.02728285,0.038084984
100,780,-0.0028701623,-0.023167739
120,780,-0.0022548856,-0.014609469
140,780,0.0010490259,-0.0004999702
160,780,-0.007265483,-0.005894317
180,780,3.7802605e-05,4.0450792e-05
200,780,0.0035694533,0.001077736
220,780,-0.01264579,-0.003917807
240,780,0.0006681924,0.00043985678
260,780,0.0001424193,-2.1548743e-05
280,780,0.016589932,-0.06403435
300,780,2.471398e-05,-2.891885e-05
320,780,-0.00031408842,-0.0001194491
340,780,0.065451406,-0.03502051
360,780,0.04699956,0.01603296
380,780,0.0005941681,0.00027963324
400,780,-0.017088955,-0.021458874
420,780,-1.377628e-06,-1.8792458e-06
440,780,2.7057868e-05,-2.3298247e-05
460,780,-0.0007637741,-0.00017531113
480,780,0.016809369,-0.02593738
500,780,0.0007346493,-0.0033231762
520,780,0.017703868,0.083603255
540,780,0.0016600603,0.0001672444
560,780,0.031458076,-0.018261814
580,780,0.012082287,0.010580473
600,780,0.00014162002,-8.9633795e-05
620,780,0.009739468,-0.008266925
640,780,0.012763251,0.00691721
660,780,2.753681e-06,3.2173848e-06
680,780,-4.920752e-07,-5.6142403e-07
700,780,-5.3062614e-08,-5.5200047e-08
720,780,-1.0353993e-08,8.109082e-11
740,780,1.41695455e-08,1.9547064e-08
760,780,-5.9803793e-09,-2.3869313e-09
780,780,-0.0031380162,0.011168088
800,780,0.0020975294,0.0065739313
820,780,-3.8118776e-07,-1.8166126e-06
840,780,-7.414958e-07,-6.2798085e-07
860,780,-8.311524e-09,1.9055626e-08
880,780,9.157101e-08,-3.9519531e-07
900,780,0.000275211,-1.352267e-05
920,780,-0.20430309,0.20926152
940,780,-0.100784704,0.46973565
960,780,-0.05188884,0.01853008
980,780,-0.00012735889,-0.00026162234
0,800,-0.094906,-0.16147424
20,800,-0.007220167,-0.19059297
40,800,0.00020682106,-0.00031112088
60,800,7.810434e-08,8.833453e-06
80,800,0.011330778,0.0013833749
100,800,-0.00090012007,-0.0012908223
120,800,-0.0002682869,-0.001152864
140,800,-6.454253e-05,6.5940236e-05
160,800,-7.26021e-05,-7.320779e-05
180,800,0.00041202627,-0.0001416701
200,800,0.22269078,0.004668731
220,800,0.0021728424,0.0027690341
240,800,0.007102791,-0.0066980384
260,800,5.3147247e-05,0.00019898104
280,800,-0.0002585068,0.0027768898
300,800,9.748083e-08,8.949918e-08
320,800,0.0011319814,0.07900078
340,800,0.00309239,0.016867524
360,800,0.18914147,0.01722542
380,800,1.6522874e-05,-1.2292705e-05
400,800,-1.6065767e-05,-9.841438e-05
420,800,-2.6429548e-06,3.4690372e-06
440,800,-0.022569554,0.010172397
460,800,-0.09789958,0.08748128
480,800,1.687877e-05,2.0271798e-06
500,800,0.04484159,0.0024969534
520,800,-3.4314671e-06,-7.217598e-06
540,800,2.3895967e-05,-4.9849168e-05
560,800,0.00079432735,-0.00017974302
580,800,0.15664434,-0.028858798
600,800,0.00047415696,-3.056278e-05
620,800,-8.50297e-06,-7.00334e-06
640,800,0.0030750046,-0.016512606
660,800,-4.9755774e-05,-5.430944e-05
680,800,-7.125815e-06,-4.5292313e-06
700,800,-2.1456466e-07,-2.4468176e-07
720,800,-3.6532747e-08,-1.9900703e-08
740,800,5.095668e-09,2.228926e-09
760,800,0.0002919254,-5.253834e-05
780,800,-2.5006491e-05,3.3004344e-05
800,800,1.18595604e-08,1.2546531e-08
820,800,2.0193211e-07,2.2808143e-07
840,800,-1.9101641e-08,-2.9334103e-08
860,800,-1.9437734e-07,-1.0767487e-07
880,800,4.4325027e-08,1.2726989e-08
900,800,-9.665619e-08,3.2436188e-07
920,800,1.8929835e-05,0.0003862637
940,800,0.0061682775,0.021370064
960,800,0.012310257,-0.070761
980,800,-0.012094141,-0.0119111575
0,820,-0.029976223,-0.02512369
20,820,-0.001329084,0.19658002
40,820,0.0002904987,9.296616e-05
60,820,6.4937944e-07,-5.2161736e-06
80,820,0.0013502027,0.0006592797
100,820,6.8023175e-05,0.006872612
120,820,-2.384829e-06,1.709197e-05
140,820,-2.0706495e-06,1.2307308e-05
160,820,0.0003479737,0.0001932342
180,820,-0.0008658619,0.00044164178
200,820,-0.06525526,0.072682224
220,820,-0.01653215,0.009478112
240,820,0.00086404145,-0.00097254023
260,820,0.0063846298,-0.004956285
280,820,-4.992595e-06,-5.129791e-06
300,820,-0.002288901,-0.0003071546
320,820,0.0014574516,0.00024082894
340,820,1.2792718e-05,-1.9824438e-05
360,820,0.00012528211,-8.689583e-06
380,820,-0.008053965,-0.0017913406
400,820,-0.00022967989,0.00033254037
420,820,5.3462713e-07,-3.5092855e-06
440,820,0.00060906814,-0.00069851056
460,820,0.062786855,7.773086e-06
480,820,6.764548e-05,-9.448388e-06
500,820,0.0115997875,-0.021053454
520,820,0.00028997436,-0.000103838785
540,820,9.83403e-06,-3.202515e-06
560,820,4.3501095e-06,6.5680774e-06
580,820,0.00027663083,-3.8628183e-05
600,820,-0.0020260185,0.013009193
620,820,0.04623258,0.06671515
640,820,0.039370332,-0.0068417923
660,820,-0.20614418,-0.0757863
680,820,-0.0006238016,-0.0009616717
700,820,-1.583005e-06,-1.6475943e-06
720,820,-1.6972928e-07,-8.961642e-08
740,820,5.668012e-08,5.4066135e-08
760,820,-7.2856645e-09,2.3764757e-09
780,820,2.5988875e-06,1.4342514e-05
800,820,9.961051e-09,7.2243216e-09
820,820,4.2171955e-09,-9.3354116e-09
840,820,-8.9879e-09,-4.375765e-08
860,820,-3.0193502e-07,5.145844e-08
880,820,1.3588144e-08,-3.3768472e-08
900,820,-4.254953e-08,-1.0928802e-08
920,820,-4.0237586e-07,-3.6847544e-07
940,820,-0.020934632,-0.009369769
960,820,-0.0097836675,-0.014246635
980,820,-0.02108679,-0.22355647
0,840,0.013027655,-0.0108844
20,840,5.143158e-07,1.1618077e-05
40,840,-0.002257834,-0.0011069207
60,840,0.045133706,0.011011061
80,840,-0.023120949,-0.08267329
100,840,0.0016240637,-0.0004651656
120,840,-0.08418511,0.059384163
140,840,1.0986134e-05,0.00010970144
160,840,-0.070432596,0.0092161475
180,840,-0.014867486,0.003505168
200,840,0.00082354574,-0.013444933
220,840,-0.007954427,-0.003338146
240,840,-0.007017384,0.0009053704
260,840,-0.0004931926,1.2891041e-05
280,840,-0.0020821795,0.00059146667
300,840,0.00066970236,0.0004254229
320,840,-0.00062734855,-0.0032233344
340,840,-0.036773007,0.011175453
360,840,0.0005516103,0.00086687825
380,840,-0.0020299512,-0.0010902684
400,840,-0.00029621107,0.00037219335
420,840,-6.309546e-07,5.316736e-07
440,840,-0.023684828,0.004472474
460,840,0.01511386,-0.0042521115
480,840,1.802454e-05,4.3907818e-05
500,840,-0.058927655,-0.051672745
520,840,-8.705871e-05,-0.00050348544
540,840,0.052855067,-0.0004809598
560,840,-9.692766e-05,-7.280572e-07
580,840,-3.0603887e-06,-5.0624462e-06
600,840,-0.0048150774,0.0017504076
620,840,-0.036836304,-0.009372628
640,840,0.016873177,-0.11993096
660,840,-0.14190651,-0.18804362
680,840,0.00042355445,0.0047937576
700,840,-3.906966e-07,-3.577972e-07
720,840,-9.676961e-07,-6.9204214e-07
740,840,7.931829e-08,7.647098e-08
760,840,-2.8468572e-08,-2.1487699e-08
780,840,8.789032e-10,-6.431663e-09
800,840,4.2067327e-09,1.56922e-08
820,840,8.639435e-05,-1.023692e-06
840,840,0.000336085,-0.00029695517
860,840,-0.0023355884,0.00036705838
880,840,0.015244543,-0.011594165
900,840,-1.683113e-08,-7.587984e-09
920,840,-9.754715e-08,-6.614792e-08
940,840,4.1313378e-08,-7.558562e-07
960,840,1.0446567e-07,-5.920581e-08
980,840,-2.0459984e-07,-3.6569804e-07
0,860,0.008307071,-0.008571352
20,860,-0.00013469851,3.8805516e-05
40,860,0.17324586,-0.019759102
60,860,0.014032407,-0.104109146
80,860,0.0023900757,0.16685061
100,860,0.0020724868,0.006666263
120,860,-0.05441417,0.049152635
140,860,0.103610404,0.002662302
160,860,0.074381866,-0.0017990845
180,860,-0.0014425663,0.00045335252
200,860,-1.0451333e-05,3.746749e-07
220,860,-0.0018165162,0.0021757886
240,860,-1.7390268e-05,-0.00023268079
260,860,-0.0054970244,0.0020899836
280,860,0.0029520357,0.0034141461
300,860,6.727309e-05,0.00021254872
320,860,-0.0172719,0.102186024
340,860,0.00061218004,0.0040204106
360,860,-0.0065528383,-0.04703988
380,860,0.00027695377,-5.8243346e-05
400,860,3.065032e-06,7.7289394e-07
420,860,2.6002851e-06,-3.519492e-06
440,860,4.0215502e-05,4.3550397e-05
460,860,0.00013728486,-0.000535224
480,860,-0.0275931,0.023261217
500,860,9.46394e-05,-0.00066618784
520,860,0.044283494,-0.16593064
540,860,0.038062993,0.024554733
560,860,-0.074698634,0.029305419
580,860,0.006740648,-0.0043943087
600,860,-3.4382035e-06,-4.4697686e-06
620,860,2.1241824e-05,-1.4688957e-05
640,860,-0.051985007,-0.2559383
660,860,-0.023877589,0.0010835262
680,860,-8.600908e-06,-1.6867712e-05
700,860,4.9401994e-08,2.3882674e-06
720,860,-1.3474707e-07,-1.05631116e-07
740,860,-3.3070552e-07,-2.5225313e-07
760,860,-1.4961477e-08,-1.7801007e-08
780,860,-0.0015860694,-0.0002653178
800,860,0.0008033849,3.0544597e-05
820,860,3.5632544e-07,-6.933497e-08
840,860,0.00032961048,0.00014284124
860,860,-0.00048950437,-9.368576e-05
880,860,9.556045e-05,0.000103123035
900,860,-1.7277578e-08,-5.619911e-09
920,860,-2.1356396e-08,3.482708e-09
940,860,4.1014736e-08,1.1435292e-08
960,860,-3.4521133e-08,-1.539625e-08
980,860,-0.00015828268,-4.802745e-05
0,880,-0.1908672,-0.029269267
20,880,-0.073042504,-0.0026261886
40,880,-0.0003085091,-0.07862819
60,880,-0.023120636,-0.11495649
80,880,0.0051634074,0.038502958
100,880,0.036762375,0.043733906
120,880,-0.018131305,0.012527088
140,880,-0.0059661255,0.014837701
160,880,-0.06283692,0.04161379
180,880,-0.002203552,-0.008454624
200,880,-2.4073503e-05,2.395693e-07
220,880,-0.0069204313,0.0080673145
240,880,-0.00040277198,0.0013381087
260,880,-0.00022978461,3.8297912e-05
280,880,-0.0014936602,0.0013715476
300,880,-0.0068188994,0.011773932
320,880,0.045537207,-0.0131445
340,880,0.0027922662,-0.0034869886
360,880,0.016333207,-0.051691893
380,880,-0.026687581,-0.07103805
400,880,0.02644343,0.009978326
420,880,0.0035472454,0.0001650805
440,880,0.01679729,-0.031178452
460,880,0.10005204,-0.06622574
480,880,-0.023734752,-0.002668558
500,880,0.0010499987,0.0007990267
520,880,-0.00781484,-0.1863287
540,880,0.13023984,-0.08298224
560,880,0.0025871831,-0.011492236
580,880,4.814651e-05,-6.612813e-06
600,880,3.2495034e-06,-6.033888e-06
620,880,-0.13917561,0.014730409
640,880,0.0004749206,-0.0064612376
660,880,-0.00048463405,0.0047089253
680,880,-5.417218e-06,6.3669445e-06
700,880,-4.0865816e-06,6.1777446e-06
720,880,-3.6220772e-06,-1.008895e-05
740,880,-0.0031305954,0.0054953895
760,880,-6.8287186e-06,6.0940755e-07
780,880,-2.1695726e-06,1.6232857e-06
800,880,-0.004176685,0.00517099
820,880,0.00021531167,2.6448997e-06
840,880,3.1602427e-09,-8.955266e-09
860,880,-7.8089585e-10,4.465073e-09
880,880,8.010252e-09,1.1300383e-09
900,880,-3.964236e-07,3.6307195e-08
920,880,-0.0003241635,-0.0019996471
940,880,0.0012499522,-0.0018099635
960,880,-2.6831904e-08,1.9626784e-08
980,880,-7.008618e-08,-3.2075864e-08
0,900,-0.07406543,0.010899953
20,900,-0.006582235,0.013262023
40,900,-0.00028361956,0.00034073056
60,900,-0.0025799756,-0.01097153
80,900,-0.0008546666,0.0030531443
100,900,-0.032292794,-0.005144728
120,900,-9.946001e-06,-3.391108e-05
140,900,1.3555514e-05,-2.5075628e-06
160,900,0.00061919395,-0.071146026
180,900,0.0005958685,-0.017749708
200,900,-4.4084765e-05,-2.9968899e-06
220,900,-0.002115022,0.003835707
240,900,-0.0077689867,0.029940099
260,900,1.8190032e-06,2.3911668e-06
280,900,0.00018591472,-0.0002810265
300,900,0.048039302,-0.022988228
320,900,0.06320904,-0.007997602
340,900,-0.004759685,-0.008183083
360,900,-0.016986355,0.031812176
380,900,-0.0056260414,0.14608723
400,900,0.1297108,0.0125465505
420,900,0.04560982,-0.0057303696
440,900,-0.004674035,0.024981193
460,900,-0.069808304,-0.016008915
480,900,0.0006438714,-0.0013562392
500,900,0.00044811616,-0.00015063558
520,900,0.026446808,-0.057554036
540,900,0.00386506,-0.041234393
560,900,-0.03980781,0.028863281
580,900,-0.0014656173,0.00926794
600,900,-1.2640816e-05,4.410655e-06
620,900,-0.009352398,-0.034665205
640,900,0.00975962,-0.020165758
660,900,-6.7792826e-06,-8.889779e-06
680,900,-1.0200469e-05,2.0807574e-06
700,900,-4.740277e-06,-4.7555204e-09
720,900,-3.3388194e-05,-4.7336925e-05
740,900,-0.008973334,-0.02381917
760,900,-3.180979e-06,0.00019767432
780,900,-1.1207561e-07,8.2406025e-08
800,900,-4.4174e-06,6.0653423e-05
820,900,-1.4668632e-06,-2.5983522e-06
840,900,3.1445049e-09,-6.506717e-09
860,900,-3.0174092e-11,5.036136e-09
880,900,1.5636417e-08,9.637828e-10
900,900,-0.00013094606,0.000105200335
920,900,0.00015151726,0.00030542043
940,900,0.00040386585,-0.00011354765
960,900,-6.888739e-09,-5.817322e-09
980,900,-2.2060556e-08,-4.0086374e-09
0,920,0.0034294685,-0.009295741
20,920,-0.0020596506,0.0010093767
40,920,-0.09885442,-0.052330814
60,920,-0.01763973,-0.0066311946
80,920,-2.2588501e-05,4.5636953e-05
100,920,-0.13376865,0.012406733
120,920,0.0036203382,-0.0022615273
140,920,0.042649783,0.004440733
160,920,0.03739843,-0.07171194
180,920,-0.012923957,-0.01607425
200,920,0.025480838,0.07634569
220,920,-1.9396459e-05,2.3939952e-05
240,920,-5.296476e-06,6.3194466e-06
260,920,1.8190254e-06,6.604395e-06
280,920,2.6014063e-06,-1.8067767e-06
300,920,0.007852967,0.0014067367
320,920,0.008653383,0.0025309115
340,920,-0.026059067,0.012795527
360,920,-0.007444985,-0.01570582
380,920,0.021153381,0.10879646
400,920,-0.0039129094,0.008767896
420,920,0.00029502375,-0.00063098484
440,920,0.010300537,-0.05788854
460,920,-0.0017144107,-0.0007272628
480,920,0.02761851,0.013657135
500,920,0.0014637781,-0.017774869
520,920,0.0025879522,-0.07775044
540,920,-0.0019032628,0.0012379694
560,920,0.026025798,0.085978776
580,920,-0.0022948664,0.008832699
600,920,0.015678195,-0.018810185
620,920,-0.011098145,-0.054796476
640,920,-2.9576488e-06,-7.158612e-06
660,920,-1.161715e-05,-5.301166e-06
680,920,-1.0928582e-05,-3.0090137e-06
700,920,-1.5250748e-05,0.00024555202
720,920,-0.009836646,-0.04048274
740,920,-0.022196077,0.000700852
760,920,-2.1739575e-06,4.0940467e-06
780,920,4.4950767e-08,-3.7738776e-08
800,920,4.4163368e-08,6.336867e-08
820,920,5.4638867e-09,-1.0061757e-08
840,920,3.023607e-09,-3.812493e-08
860,920,2.2060067e-09,2.851733e-09
880,920,3.6769028e-09,7.018315e-10
900,920,-0.00062019826,-0.0002666926
920,920,-0.0011388332,0.002327046
940,920,0.00018102047,-0.00089466205
960,920,0.00014733149,-0.00058613485
980,920,-2.9244474e-08,-1.17183845e-08
0,940,0.009719085,0.013880664
20,940,-3.2150905e-07,-6.64754e-05
40,940,-0.017709412,-0.012119437
60,940,-0.0044387183,0.0055580116
80,940,-0.00025593993,4.4236516e-05
100,940,-0.010346331,0.039163567
120,940,0.014893337,0.028644627
140,940,0.0260984,0.007943343
160,940,0.000105216845,0.011156019
180,940,0.14682043,-0.0105054425
200,940,-0.020840827,0.11343066
220,940,-0.0012163743,-1.8204904e-05
240,940,-1.8102079e-05,-3.4017062e-06
260,940,3.9633146e-06,-7.034718e-07
280,940,-1.3642167e-06,-4.864866e-06
300,940,-7.6915126e-07,-1.1086973e-05
320,940,-0.025925048,-0.047271978
340,940,0.0001034031,0.0006759425
360,940,0.031842757,0.0058462727
380,940,1.3224166e-06,1.6297276e-06
400,940,-1.2828576e-05,-8.659363e-06
420,940,-0.000878941,-0.00030919877
440,940,0.07637141,-0.0053147245
460,940,0.00047939646,-4.211077e-06
480,940,-0.044351052,0.026439283
500,940,0.0026233785,-0.0033132513
520,940,-0.0074914093,0.017324898
540,940,0.022184538,-0.01572228
560,940,0.0063083353,0.043297417
580,940,-0.008931586,-0.0028852196
600,940,-0.011002379,-0.010555578
620,940,-0.0031208375,-0.0140872635
640,940,2.0763794e-06,-1.2672883e-06
660,940,-5.88342e-06,-1.133821e-06
680,940,2.5270456e-06,2.2829636e-05
700,940,-0.00018587579,0.0008196788
720,940,-0.02036359,-0.048297666
740,940,0.004038159,0.0046491227
760,940,0.25454262,-0.012405598
780,940,3.3645577e-07,-3.5349592e-07
800,940,4.5053056e-08,-7.2719516e-08
820,940,-5.597364e-09,-2.940318e-08
840,940,-1.2369288e-09,-3.625847e-08
860,940,0.0003441027,-0.00020898029
880,940,3.786291e-06,2.9925848e-06
900,940,-3.5627228e-09,-1.3016609e-11
920,940,-4.4604135e-08,7.370522e-09
940,940,-0.00017908409,-0.00036837984
960,940,-4.1113135e-06,-1.568505e-06
980,940,-9.767613e-11,-1.6001817e-10
0,960,0.07874209,-0.033632573
20,960,0.03341445,-0.058474448
40,960,0.008086258,0.019712081
60,960,-0.024709981,-0.0990109
80,960,-0.000477148,-2.229655e-05
100,960,6.964455e-06,7.903643e-06
120,960,-0.0011750531,0.0018811288
140,960,-0.0034709482,-0.0009069705
160,960,-0.00015604333,0.00013233666
180,960,-0.24815539,0.21726267
200,960,8.186223e-06,-0.0005567789
220,960,-0.092240825,-0.036167514
240,960,0.0005177474,0.0002461819
260,960,0.016760714,0.037722073
280,960,0.0011675581,-0.00089072227
300,960,-0.0022613201,-0.033075225
320,960,-0.13287275,0.11916426
340,960,-0.11050068,0.09536712
360,960,0.040925816,-0.010290254
380,960,5.3487234e-05,-7.4478653e-06
400,960,-0.00025100505,0.0001357351
420,960,-0.20580234,0.019699331
440,960,0.0063296636,0.013201519
460,960,0.0006574627,0.0007133256
480,960,-4.5352426e-06,1.0671663e-05
500,960,-0.008140328,0.00089268555
520,960,-0.21999143,-0.027891258
540,960,-0.0027139934,-0.0010245859
560,960,0.013738893,-0.042018402
580,960,0.0007737849,-0.0024262804
600,960,0.020058913,-0.20892423
620,960,3.956532e-05,-2.3389364e-05
640,960,1.1280349e-05,-3.0289533e-07
660,960,0.00023852864,-0.00014742221
680,960,0.005832502,0.22243735
700,960,0.0085301185,0.057825617
720,960,-0.00078107545,-0.004023363
740,960,0.00017278072,-9.358835e-05
760,960,0.0018087733,-0.001305339
780,960,0.00075793976,0.0005194111
800,960,-0.00022614692,-0.00085564854
820,960,0.00037602303,-0.00018204915
840,960,6.82032e-07,5.074763e-07
860,960,-6.319184e-05,0.00021321775
880,960,2.2006923e-05,4.84575e-05
900,960,-4.3940287e-05,-0.00016889028
920,960,-0.00048267914,-0.0011150151
940,960,-0.00030244212,0.00020825252
960,960,-1.3863396e-05,-0.00049787527
980,960,-4.646141e-09,-6.574214e-10
0,980,0.039033715,0.036597155
20,980,-0.21029487,-0.028451022
40,980,0.09637385,0.115899995
60,980,-0.008502055,-0.006734656
80,980,-0.06621893,-0.07772987
100,980,-0.007004476,-0.0097519085
120,980,1.39820595e-05,-2.0751628e-05
140,980,-0.00010232806,-4.2488573e-05
160,980,-1.2625962e-06,7.4797167e-06
180,980,-0.00017518857,0.0007294876
200,980,-2.9559995e-05,-8.034988e-06
220,980,6.526633e-08,-3.7728896e-06
240,980,7.1960926e-06,1.0526458e-05
260,980,-0.00023498906,0.00018016949
280,980,0.0047345334,0.010758519
300,980,-0.017109161,0.0038062416
320,980,-0.0122475615,-0.008193096
340,980,2.0240353e-05,2.8905699e-05
360,980,-0.014698965,-0.012037354
380,980,-0.04662608,0.004196879
400,980,-1.528023e-05,1.581975e-06
420,980,-0.00019019192,-0.0001725245
440,980,-8.3908435e-06,2.1534122e-05
460,980,0.00073366135,-0.0048198714
480,980,0.02162238,-0.018699884
500,980,-0.028299313,0.0065136277
520,980,-0.00019525393,-0.00013656191
540,980,-1.780803e-05,-9.285923e-07
560,980,-2.330686e-05,5.331207e-06
580,980,4.6574355e-06,-2.0835314e-05
600,980,-9.300814e-06,-0.00032492034
620,980,1.7161869e-05,1.8788145e-05
640,980,0.017956605,-0.0029909401
660,980,-0.0036243123,0.0011171061
680,980,-0.086231865,-0.8261657
700,980,0.014354878,-0.022533651
720,980,-5.1612285e-05,-0.0003750693
740,980,7.1409227e-06,4.6203127e-06
760,980,0.003004537,0.0026341109
780,980,9.71948e-05,-0.013645817
800,980,0.008311955,-0.037882797
820,980,0.006351978,0.0032889366
840,980,-1.8743489e-05,-4.978806e-06
860,980,1.4062877e-08,2.5103324e-08
880,980,1.4101036e-07,1.9355246e-08
900,980,-0.0007776704,0.00020118665
920,980,-7.442078e-08,3.850633e-09
940,980,0.0011648585,-0.0006070157
960,980,-0.00015730965,-0.0003207127
980,980,3.8709375e-05,5.6325107e-06
